datetime,humidity,pressure,wind_speed,wind_direction,temperature
2012-10-01,88.0,1013.0,0.0,0.0,291.820115951
2012-10-02,21.0,1009.0,1.0,0.0,306.87
2012-10-03,35.0,1009.0,1.0,0.0,303.6
2012-10-04,60.0,1014.0,1.0,0.0,299.45
2012-10-05,60.0,1018.0,4.0,240.0,296.8
2012-10-06,56.0,1014.0,0.0,0.0,297.27
2012-10-07,57.0,1012.0,0.0,0.0,297.96
2012-10-08,64.0,1012.0,0.0,0.0,297.75
2012-10-09,57.0,1013.0,2.0,0.0,296.55
2012-10-10,43.0,995.0,5.0,221.0,297.0
2012-10-11,53.0,1013.0,3.0,0.0,294.88
2012-10-12,63.0,1013.0,1.0,0.0,290.86
2012-10-13,52.0,1019.0,4.0,270.0,293.45
2012-10-14,46.0,1018.0,0.0,0.0,296.52
2012-10-15,47.0,1014.0,5.0,270.0,300.57
2012-10-16,26.0,1011.0,2.0,0.0,301.5
2012-10-17,30.0,1007.0,2.0,0.0,300.51
2012-10-18,21.0,1007.0,0.0,0.0,304.65
2012-10-19,50.0,1016.0,0.0,0.0,298.53
2012-10-20,73.0,1012.0,1.0,0.0,296.03
2012-10-21,68.0,1010.0,0.0,0.0,293.8
2012-10-22,64.0,1011.0,2.0,0.0,294.52
2012-10-23,60.0,1014.0,2.0,0.0,293.3
2012-10-24,42.0,1014.0,1.0,0.0,293.76
2012-10-25,37.0,1016.0,4.0,270.0,294.73
2012-10-26,36.0,1013.0,1.0,230.0,298.08
2012-10-27,10.0,1013.0,0.0,0.0,302.53
2012-10-28,9.0,1009.0,2.0,270.0,302.38
2012-10-29,21.0,1013.0,0.0,0.0,299.39
2012-10-30,22.0,1016.0,2.0,290.0,297.82
2012-10-31,37.0,1015.0,2.0,260.0,295.87
2012-11-01,60.0,1015.0,0.0,0.0,294.1
2012-11-02,59.0,1014.0,1.0,260.0,292.6
2012-11-03,52.0,1013.0,0.0,0.0,294.1
2012-11-04,53.0,1015.0,0.0,0.0,296.21
2012-11-05,10.0,998.0,0.0,360.0,303.81
2012-11-06,11.0,1015.0,3.0,280.0,303.09
2012-11-07,34.0,1016.0,0.0,0.0,298.39
2012-11-08,64.0,1015.0,0.0,0.0,294.05
2012-11-09,87.0,1013.0,0.0,0.0,289.56
2012-11-10,45.0,1011.0,4.0,260.0,289.57
2012-11-11,33.0,1017.0,1.0,0.0,289.33
2012-11-12,11.0,1023.0,0.0,0.0,291.83
2012-11-13,19.0,1020.0,3.0,280.0,293.63
2012-11-14,15.0,1016.0,0.0,0.0,297.52
2012-11-15,30.0,1016.0,2.0,300.0,294.65
2012-11-16,34.0,1000.0,2.0,187.0,292.62
2012-11-17,37.0,1016.0,0.0,0.0,293.06
2012-11-18,72.0,1017.0,2.0,140.0,291.21
2012-11-19,59.0,1020.0,2.0,0.0,291.8
2012-11-20,63.0,1021.0,2.0,280.0,292.45
2012-11-21,55.0,1017.0,2.0,0.0,292.85
2012-11-22,60.0,1017.0,0.0,0.0,291.94
2012-11-23,72.0,1018.0,5.0,260.0,292.88
2012-11-24,40.0,1018.0,2.0,270.0,294.18
2012-11-25,33.0,1014.0,2.0,280.0,296.59
2012-11-26,56.0,1012.0,0.0,0.0,292.14
2012-11-27,59.0,1017.0,0.0,0.0,291.25
2012-11-28,72.0,1018.0,2.0,260.0,290.88
2012-11-29,63.0,1020.0,0.0,0.0,290.73
2012-11-30,88.0,1021.0,0.0,0.0,289.56
2012-12-01,93.0,1019.0,0.0,0.0,291.44
2012-12-02,72.0,1019.0,0.0,0.0,291.28
2012-12-03,88.0,1019.0,0.0,0.0,290.08
2012-12-04,77.0,1019.0,2.0,280.0,291.87
2012-12-05,77.0,1021.0,2.0,0.0,291.49
2012-12-06,68.0,1016.0,0.0,0.0,291.3
2012-12-07,63.0,1012.0,0.0,0.0,291.54
2012-12-08,69.0,1013.0,0.0,134.0,291.66
2012-12-09,63.0,1013.0,0.0,0.0,291.84
2012-12-10,59.0,1016.0,2.0,270.0,291.57
2012-12-11,28.0,1018.0,0.0,0.0,293.76
2012-12-12,52.0,1014.0,0.0,108.0,292.32
2012-12-13,59.0,1012.0,1.0,0.0,288.64
2012-12-14,48.0,1007.0,0.0,0.0,288.03
2012-12-15,47.0,1013.0,1.0,0.0,285.96
2012-12-16,38.0,1016.0,2.0,230.0,287.89
2012-12-17,93.0,1020.0,0.0,0.0,285.63
2012-12-18,63.0,1017.0,0.0,0.0,289.16
2012-12-19,36.0,1009.0,2.0,0.0,288.11
2012-12-20,14.0,1022.0,0.0,0.0,287.99
2012-12-21,10.0,1019.0,0.0,0.0,290.7
2012-12-22,42.0,1017.0,2.0,260.0,289.43
2012-12-23,58.0,1020.0,0.0,0.0,288.14
2012-12-24,55.0,1020.0,1.0,0.0,288.79
2012-12-25,77.0,1016.0,3.0,230.0,289.36
2012-12-26,38.0,1016.0,0.0,0.0,288.58
2012-12-27,48.0,1013.0,0.0,0.0,288.74
2012-12-28,25.0,1015.0,4.0,310.0,288.42
2012-12-29,26.0,1019.0,0.0,0.0,289.05
2012-12-30,71.0,1016.0,3.0,0.0,284.41
2012-12-31,50.0,1014.0,5.0,10.0,284.13
2013-01-01,41.0,1022.0,0.0,0.0,287.17
2013-01-02,21.0,1019.0,3.0,80.0,288.29
2013-01-03,38.0,1017.0,0.0,84.0,289.79
2013-01-04,12.0,1018.0,0.0,0.0,293.16
2013-01-05,9.0,1022.0,0.0,0.0,290.93
2013-01-06,27.0,1022.0,1.0,124.0,289.48
2013-01-07,58.0,1018.0,2.0,0.0,285.55
2013-01-08,34.0,1015.0,0.0,0.0,291.39
2013-01-09,45.0,1017.0,2.0,280.0,291.74
2013-01-10,44.0,1022.0,2.0,290.0,285.2555
2013-01-11,24.0,1014.0,2.0,300.0,285.54
2013-01-12,34.0,1019.0,5.0,270.0,284.53
2013-01-13,25.0,1019.0,1.0,135.0,284.92
2013-01-14,22.0,1018.0,2.0,270.0,285.28
2013-01-15,16.0,1024.0,1.0,0.0,285.16
2013-01-16,19.0,1027.0,2.0,0.0,287.03
2013-01-17,22.0,1022.0,0.0,0.0,291.04
2013-01-18,12.0,1018.0,0.0,0.0,296.53
2013-01-19,6.0,1017.0,0.0,0.0,296.93
2013-01-20,14.0,1002.0,1.0,240.0,290.15
2013-01-21,7.0,1016.0,0.0,0.0,298.04
2013-01-22,7.0,1017.0,1.0,0.0,296.1
2013-01-23,7.0,1016.0,2.0,0.0,297.04
2013-01-24,17.0,1017.0,1.0,0.0,294.9
2013-01-25,63.0,1020.0,1.0,0.0,290.63
2013-01-26,96.0,1025.0,1.0,227.0,287.546333333
2013-01-27,63.0,1013.0,2.0,0.0,290.8
2013-01-28,59.0,1015.0,1.0,0.0,286.44
2013-01-29,36.0,1033.0,1.0,300.0,287.897
2013-01-30,44.0,1021.0,1.0,0.0,287.16
2013-01-31,45.0,1024.0,3.0,280.0,291.36
2013-02-01,42.0,1020.0,4.0,270.0,290.94
2013-02-02,45.0,1020.0,2.0,270.0,291.12
2013-02-03,45.0,1020.0,3.0,260.0,290.5
2013-02-04,52.0,1016.0,4.0,270.0,290.05
2013-02-05,63.0,1016.0,2.0,0.0,289.3
2013-02-06,71.0,1016.0,0.0,0.0,287.4
2013-02-07,55.0,1017.0,0.0,0.0,289.28
2013-02-08,62.0,1017.0,1.0,0.0,287.01
2013-02-09,53.0,1012.0,3.0,270.0,283.85
2013-02-10,41.0,1017.0,1.0,0.0,286.44
2013-02-11,47.0,1017.0,1.0,0.0,286.18
2013-02-12,41.0,1020.0,1.0,0.0,288.48
2013-02-13,36.0,1024.0,2.0,0.0,288.9
2013-02-14,45.0,1021.0,2.0,0.0,291.46
2013-02-15,33.0,1018.0,1.0,0.0,294.4
2013-02-16,9.0,1020.0,2.0,270.0,298.79
2013-02-17,7.0,1016.0,3.0,0.0,298.75
2013-02-18,52.0,1013.0,2.0,0.0,290.87
2013-02-19,55.0,1015.0,2.0,280.0,289.35
2013-02-20,62.0,1011.0,2.0,270.0,285.22
2013-02-21,44.0,1010.0,4.0,260.0,287.88
2013-02-22,48.0,1015.0,3.0,270.0,288.42
2013-02-23,27.0,1020.0,3.0,270.0,290.28
2013-02-24,51.0,1015.0,1.0,0.0,288.93
2013-02-25,15.0,1018.0,2.0,250.0,292.02
2013-02-26,22.0,1020.0,2.0,0.0,290.99
2013-02-27,30.0,1016.0,0.0,0.0,292.0
2013-02-28,9.0,1021.0,1.0,0.0,295.5
2013-03-01,8.0,1024.0,2.0,0.0,296.64
2013-03-02,8.0,1021.0,2.0,290.0,300.35
2013-03-03,16.0,1019.0,2.0,280.0,298.6
2013-03-04,52.0,1016.0,2.0,0.0,291.42
2013-03-05,49.0,1017.0,1.0,0.0,291.1
2013-03-06,63.0,1017.0,2.0,0.0,288.96
2013-03-07,59.0,1024.0,1.0,127.0,285.264
2013-03-08,44.0,1014.0,0.0,0.0,287.4
2013-03-09,50.0,1012.0,3.0,0.0,285.55
2013-03-10,39.0,1020.0,2.0,0.0,289.82
2013-03-11,34.0,1022.0,1.0,220.0,292.97
2013-03-12,52.0,1018.0,0.0,0.0,296.24
2013-03-13,44.0,1012.0,2.0,145.0,297.54
2013-03-14,18.0,1018.0,3.0,230.0,299.86
2013-03-15,23.0,1017.0,3.0,240.0,298.91
2013-03-16,18.0,1017.0,4.0,235.0,295.75
2013-03-17,21.0,1026.0,1.0,280.0,292.3
2013-03-18,26.0,1016.0,0.0,280.0,292.59
2013-03-19,42.0,1017.0,1.0,335.0,290.25
2013-03-20,40.0,1019.0,0.0,280.0,291.74
2013-03-21,52.0,1016.0,0.0,0.0,293.27
2013-03-22,47.0,1008.0,3.0,252.0,293.82
2013-03-23,55.0,1008.0,1.0,321.0,293.02
2013-03-24,49.0,1014.0,3.0,113.0,294.16
2013-03-25,47.0,1011.0,1.0,240.0,294.51
2013-03-26,45.0,1010.0,1.0,229.0,295.39
2013-03-27,61.0,1012.0,1.0,215.0,292.76
2013-03-28,64.0,1014.0,3.0,111.0,292.2
2013-03-29,55.0,1014.0,1.0,28.0,294.06
2013-03-30,68.0,1018.0,1.0,0.0,295.03
2013-03-31,53.0,1016.0,0.0,215.0,293.66
2013-04-01,82.0,1018.0,1.0,0.0,290.82
2013-04-02,63.0,1019.0,2.0,270.0,291.04
2013-04-03,57.0,1015.0,2.0,145.0,292.74
2013-04-04,28.0,1015.0,5.0,235.0,296.99
2013-04-05,58.0,1016.0,3.0,104.0,292.76
2013-04-06,63.0,1017.0,4.0,270.0,292.54
2013-04-07,56.0,1014.0,1.0,177.0,293.75
2013-04-08,64.0,1010.0,1.0,162.0,293.89
2013-04-09,42.0,1003.0,1.0,216.0,291.24
2013-04-10,19.0,1011.0,4.0,260.0,294.91
2013-04-11,22.0,1016.0,0.0,0.0,298.27
2013-04-12,59.0,1009.0,1.0,0.0,293.45
2013-04-13,21.0,1009.0,3.0,235.0,294.51
2013-04-14,68.0,1010.0,1.0,157.0,290.4
2013-04-15,59.0,1010.0,3.0,210.0,290.03
2013-04-16,59.0,1011.0,2.0,0.0,290.11
2013-04-17,34.0,1013.0,3.0,260.0,290.88
2013-04-18,17.0,1017.0,4.0,270.0,293.64
2013-04-19,13.0,1020.0,3.0,270.0,297.61
2013-04-20,10.0,1014.0,1.0,23.0,300.57
2013-04-21,27.0,1010.0,0.0,0.0,300.43
2013-04-22,27.0,1014.0,1.0,0.0,299.46
2013-04-23,59.0,1013.0,2.0,0.0,294.79
2013-04-24,52.0,1012.0,2.0,0.0,295.84
2013-04-25,72.0,1014.0,1.0,280.0,288.74
2013-04-26,40.0,1017.0,3.0,0.0,294.06
2013-04-27,43.0,1017.0,1.0,225.0,296.53
2013-04-28,50.0,1015.0,2.0,199.0,298.09
2013-04-29,37.0,1013.0,3.0,150.0,297.24
2013-04-30,55.0,1009.0,3.0,66.0,294.65
2013-05-01,59.0,1010.0,0.0,0.0,292.42
2013-05-02,46.0,1014.0,1.0,65.0,296.45
2013-05-03,10.0,1018.0,2.0,39.0,302.31
2013-05-04,6.0,1010.0,3.0,169.0,304.07
2013-05-05,48.0,1007.0,2.0,152.0,295.07
2013-05-06,63.0,1014.0,5.0,180.0,291.28
2013-05-07,63.0,1015.0,0.0,0.0,291.92
2013-05-08,61.0,1016.0,1.0,32.0,293.04
2013-05-09,60.0,1018.0,2.0,118.0,293.33
2013-05-10,62.0,1015.0,0.0,236.0,293.76
2013-05-11,51.0,1015.0,1.0,231.0,297.97
2013-05-12,44.0,1013.0,1.0,302.0,301.6
2013-05-13,43.0,1009.0,1.0,154.0,301.92
2013-05-14,25.0,1013.0,3.0,128.0,303.8
2013-05-15,43.0,1012.0,1.0,216.0,298.28
2013-05-16,60.0,1016.0,5.0,240.0,295.76
2013-05-17,56.0,1013.0,1.0,0.0,294.71
2013-05-18,65.0,1014.0,2.0,65.0,294.7
2013-05-19,55.0,1015.0,1.0,146.0,296.0
2013-05-20,55.0,1012.0,1.0,146.0,296.35
2013-05-21,39.0,1011.0,0.0,0.0,300.92
2013-05-22,50.0,1008.0,1.0,314.0,298.58
2013-05-23,60.0,1009.0,5.0,240.0,295.61
2013-05-24,52.0,1010.0,0.0,200.0,294.5
2013-05-25,55.0,1012.0,0.0,262.0,294.83
2013-05-26,50.0,1013.0,1.0,270.0,295.16
2013-05-27,59.0,1015.0,2.0,44.0,294.54
2013-05-28,52.0,1011.0,0.0,0.0,296.03
2013-05-29,47.0,1006.0,1.0,249.0,297.43
2013-05-30,46.0,1006.0,1.0,229.0,299.89
2013-05-31,51.0,1007.0,1.0,244.0,298.83
2013-06-01,64.0,1011.0,6.0,270.0,298.97
2013-06-02,49.0,1005.0,1.0,195.0,301.28
2013-06-03,60.0,1009.0,7.0,250.0,295.97
2013-06-04,57.0,1011.0,5.0,300.0,296.65
2013-06-05,45.0,1011.0,1.0,202.0,296.37
2013-06-06,52.0,1012.0,1.0,215.0,296.52
2013-06-07,55.0,1010.0,1.0,229.0,296.2
2013-06-08,84.0,1008.0,1.0,208.0,296.56
2013-06-09,62.0,1011.0,2.0,113.0,296.17
2013-06-10,58.0,1012.0,1.0,143.0,296.35
2013-06-11,50.0,1013.0,2.0,136.0,296.86
2013-06-12,54.0,1011.0,1.0,210.0,297.39
2013-06-13,55.0,1014.0,1.0,131.0,295.92
2013-06-14,53.0,1013.0,2.0,124.0,296.71
2013-06-15,53.0,1011.0,2.0,129.0,296.46
2013-06-16,53.0,1013.0,1.0,158.0,295.19
2013-06-17,54.0,1015.0,1.0,124.0,297.24
2013-06-18,44.0,1013.0,2.0,117.0,298.08
2013-06-19,55.0,1011.0,2.0,50.0,297.202
2013-06-20,49.0,1009.0,1.0,134.0,298.04
2013-06-21,48.0,1023.0,1.0,210.0,298.774
2013-06-22,43.0,1011.0,2.0,153.0,298.18
2013-06-23,52.0,1015.0,1.0,193.0,297.7225
2013-06-24,56.0,1010.0,1.0,153.0,295.87
2013-06-25,61.0,1013.0,1.0,352.0,295.33
2013-06-26,67.0,1014.0,1.0,152.0,296.66
2013-06-27,47.0,1014.0,1.0,129.0,301.43
2013-06-28,40.0,1016.0,2.0,44.0,305.55
2013-06-29,40.0,1013.0,1.0,137.0,303.9
2013-06-30,37.0,1009.0,2.0,141.0,304.33
2013-07-01,51.0,1005.0,1.0,239.0,297.64
2013-07-02,61.0,1011.0,6.0,290.0,304.16
2013-07-03,36.0,1011.0,1.0,208.0,305.05
2013-07-04,32.0,1008.0,1.0,209.0,304.85
2013-07-05,49.0,1008.0,3.0,120.0,300.41
2013-07-06,48.0,1009.0,1.0,98.0,299.23
2013-07-07,56.0,1008.0,1.0,148.0,299.69
2013-07-08,50.0,1009.0,2.0,59.0,300.2
2013-07-09,35.0,1012.0,1.0,112.0,303.94
2013-07-10,41.0,1015.0,2.0,150.0,301.34
2013-07-11,56.0,1014.0,0.0,183.0,298.05
2013-07-12,78.0,1009.0,1.0,200.0,296.84
2013-07-13,53.0,1012.0,2.0,134.0,300.73
2013-07-14,45.0,1012.0,2.0,96.0,301.4
2013-07-15,44.0,1011.0,1.0,136.0,301.83
2013-07-16,25.0,1008.0,1.0,222.0,301.91
2013-07-17,38.0,1008.0,2.0,195.0,300.38
2013-07-18,27.0,1015.0,2.0,118.0,301.06
2013-07-19,42.0,1012.0,2.0,165.0,301.09
2013-07-20,46.0,1010.0,2.0,121.0,299.27
2013-07-21,69.0,1009.0,3.0,158.0,295.65
2013-07-22,75.0,1012.0,1.0,162.0,294.58
2013-07-23,54.0,1014.0,2.0,134.0,299.82
2013-07-24,49.0,1014.0,2.0,127.0,299.45
2013-07-25,49.0,1013.0,3.0,77.0,298.38
2013-07-26,53.0,1014.0,1.0,155.0,299.77
2013-07-27,57.0,1016.0,1.0,238.0,300.19
2013-07-28,52.0,1013.0,3.0,117.0,298.32
2013-07-29,52.0,1009.0,1.0,198.0,295.95
2013-07-30,45.0,1013.0,1.0,208.0,297.76
2013-07-31,54.0,1017.0,2.0,167.0,298.17
2013-08-01,53.0,1015.0,1.0,204.0,295.76
2013-08-02,48.0,1013.0,1.0,120.0,297.53
2013-08-03,48.0,1013.0,1.0,150.0,298.63
2013-08-04,53.0,1014.0,2.0,77.0,298.26
2013-08-05,51.0,1014.0,3.0,143.0,298.65
2013-08-06,22.0,1012.0,1.0,205.0,299.83
2013-08-07,45.0,1015.0,1.0,107.0,297.88
2013-08-08,49.0,1016.0,1.0,153.0,298.66
2013-08-09,44.0,1012.0,1.0,218.0,301.35
2013-08-10,54.0,1013.0,1.0,122.0,296.55
2013-08-11,55.0,1015.0,1.0,101.0,296.81
2013-08-12,47.0,1013.0,2.0,76.0,298.63
2013-08-13,42.0,1011.0,1.0,216.0,298.92
2013-08-14,45.0,1012.0,1.0,139.0,300.52
2013-08-15,63.0,1018.0,2.0,221.0,298.373
2013-08-16,24.0,1025.0,1.0,207.0,301.15
2013-08-17,65.0,988.0,1.0,220.0,300.486
2013-08-18,29.0,1007.0,1.0,224.0,302.52
2013-08-19,34.0,1007.0,1.0,213.0,300.83
2013-08-20,45.0,1011.0,2.0,146.0,301.1
2013-08-21,37.0,1011.0,2.0,115.0,303.08
2013-08-22,26.0,1011.0,3.0,134.0,303.6
2013-08-23,20.0,1010.0,2.0,98.0,307.05
2013-08-24,35.0,1015.0,1.0,269.0,303.831
2013-08-25,31.0,1008.0,2.0,137.0,301.38
2013-08-26,26.0,1011.0,2.0,141.0,302.35
2013-08-27,51.0,1018.0,1.0,223.0,303.097333333
2013-08-28,49.0,1018.0,1.0,193.0,303.572666667
2013-08-29,36.0,1010.0,1.0,147.0,307.255
2013-08-30,28.0,1012.0,2.0,155.0,308.98
2013-08-31,56.0,1026.0,1.0,223.0,302.683333333
2013-09-01,56.0,1024.0,1.0,228.0,301.930666667
2013-09-02,51.0,1010.0,2.0,120.0,303.07
2013-09-03,50.0,1024.0,1.0,228.0,303.735666667
2013-09-04,31.0,1011.0,2.0,124.0,306.66
2013-09-05,28.0,1010.0,3.0,105.0,306.75
2013-09-06,22.0,1006.0,1.0,247.0,308.16
2013-09-07,35.0,1022.0,1.0,238.0,305.819333333
2013-09-08,76.0,1008.0,1.0,301.0,301.15
2013-09-09,38.0,1007.0,1.0,128.0,299.63
2013-09-10,68.0,1000.0,1.0,268.0,298.65
2013-09-11,46.0,1011.0,1.0,239.0,301.44
2013-09-12,49.0,1024.0,1.0,232.0,300.620333333
2013-09-13,31.0,1003.0,1.0,232.0,303.5
2013-09-14,32.0,1001.0,1.0,252.0,308.93
2013-09-15,24.0,1003.0,1.0,280.0,310.69
2013-09-16,48.0,1021.0,1.0,230.0,303.1
2013-09-17,44.0,1004.0,1.0,213.0,298.7
2013-09-18,51.0,1012.0,1.0,231.0,299.0135
2013-09-19,64.0,1008.0,4.0,240.0,298.47
2013-09-20,63.0,1009.0,1.0,203.0,296.75
2013-09-21,64.0,1022.0,1.0,220.0,294.125
2013-09-22,38.0,1007.0,1.0,241.0,296.5
2013-09-23,22.0,1009.0,1.0,213.0,305.74
2013-09-24,33.0,1009.0,1.0,219.0,302.31
2013-09-25,71.0,1004.0,1.0,261.0,295.75
2013-09-26,41.0,1007.0,1.0,216.0,295.54
2013-09-27,28.0,1012.0,1.0,228.0,299.61
2013-09-28,16.0,1013.0,1.0,253.0,304.015
2013-09-29,23.0,1013.0,1.0,228.0,304.2
2013-09-30,30.0,1017.0,1.0,228.0,300.6325
2013-10-01,32.0,1023.0,1.0,204.0,299.197666667
2013-10-02,48.0,1023.0,1.0,211.0,296.819333333
2013-10-03,55.0,1008.0,1.0,214.0,293.95
2013-10-04,12.0,1012.0,1.0,58.0,302.74
2013-10-05,12.0,1015.0,0.0,172.0,304.59
2013-10-06,13.0,1013.0,1.0,230.0,306.4
2013-10-07,15.0,1013.0,3.0,86.0,300.53
2013-10-08,54.0,1008.0,1.0,188.0,292.6
2013-10-09,70.0,1004.0,0.0,194.0,287.18
2013-10-10,50.0,1014.0,1.0,204.0,291.84
2013-10-11,47.0,1014.0,2.0,111.0,295.59
2013-10-12,74.0,1013.0,3.0,297.0,296.11
2013-10-13,45.0,1019.0,1.0,202.0,293.2625
2013-10-14,67.0,1013.0,1.0,304.0,299.68
2013-10-15,15.0,1009.0,0.0,205.0,301.95
2013-10-16,27.0,1013.0,3.0,273.0,301.33
2013-10-17,18.0,1014.0,1.0,115.0,299.01
2013-10-18,23.0,1012.0,0.0,247.0,300.79
2013-10-19,25.0,1019.0,2.0,237.0,299.663
2013-10-20,27.0,988.0,1.0,230.0,301.113
2013-10-21,30.0,1011.0,1.0,230.0,300.14
2013-10-22,39.0,1025.0,1.0,243.0,296.974333333
2013-10-23,61.0,1011.0,1.0,230.0,292.55
2013-10-24,59.0,1013.0,1.0,230.0,294.11
2013-10-25,45.0,1015.0,1.0,230.0,295.36
2013-10-26,37.0,1013.0,1.0,230.0,295.47
2013-10-27,59.0,1022.0,1.0,200.0,294.097666667
2013-10-28,86.0,1022.0,1.0,232.0,284.781666667
2013-10-29,67.0,1027.0,1.0,243.0,286.746333333
2013-10-30,56.0,1029.0,0.0,284.0,289.491666667
2013-10-31,50.0,1030.0,0.0,323.0,291.543666667
2013-11-01,37.0,1029.0,0.0,354.0,295.238333333
2013-11-02,26.0,1025.0,1.0,230.0,295.462333333
2013-11-03,37.0,1021.0,1.0,215.0,293.429333333
2013-11-04,59.0,1021.0,0.0,114.0,288.859
2013-11-05,29.0,1032.0,2.0,34.0,289.705666667
2013-11-06,10.0,1020.0,1.0,230.0,301.1
2013-11-07,9.0,1016.0,1.0,230.0,303.12
2013-11-08,26.0,1014.0,0.0,141.0,297.36
2013-11-09,21.0,1016.0,1.0,230.0,296.92
2013-11-10,33.0,1016.0,1.0,230.0,298.74
2013-11-11,27.0,1017.0,1.0,148.0,299.01
2013-11-12,48.0,1017.0,1.0,230.0,298.43
2013-11-13,13.0,1011.0,1.0,230.0,304.45
2013-11-14,13.0,1010.0,1.0,153.0,302.6
2013-11-15,65.0,1003.0,1.0,230.0,292.5
2013-11-16,60.0,1010.0,1.0,193.0,289.34
2013-11-17,27.0,988.0,1.0,230.0,301.113
2013-11-18,64.0,1016.0,1.0,230.0,291.49
2013-11-19,61.0,1013.0,1.0,230.0,291.01
2013-11-20,74.0,1011.0,1.0,230.0,289.74
2013-11-21,73.0,1009.0,1.0,230.0,289.4
2013-11-22,54.0,1011.0,1.0,230.0,285.64
2013-11-23,49.0,1015.0,1.0,230.0,288.65
2013-11-24,45.0,1019.0,1.0,230.0,291.65
2013-11-25,47.0,1020.0,1.0,230.0,293.22
2013-11-26,36.0,1017.0,1.0,230.0,295.41
2013-11-27,33.0,1011.0,1.0,230.0,295.06
2013-11-28,46.0,1013.0,1.0,230.0,290.95
2013-11-29,84.0,1019.0,1.0,230.0,288.63
2013-11-30,34.0,1017.0,1.0,230.0,296.58
2013-12-01,21.0,1018.0,1.0,230.0,298.1
2013-12-02,38.0,1013.0,1.0,230.0,294.42
2013-12-03,69.0,1006.0,1.0,230.0,289.9
2013-12-04,31.0,1011.0,1.0,230.0,288.29
2013-12-05,33.0,1014.0,0.0,138.0,286.9
2013-12-06,57.0,1018.0,1.0,230.0,286.28
2013-12-07,76.0,1015.0,1.0,230.0,285.08
2013-12-08,55.0,1018.0,1.0,230.0,285.11
2013-12-09,39.0,1024.0,0.0,142.0,286.24
2013-12-10,16.0,1019.0,1.0,230.0,290.07
2013-12-11,20.0,1019.0,1.0,138.0,292.93
2013-12-12,47.0,1019.0,1.0,230.0,291.87
2013-12-13,50.0,1019.0,1.0,230.0,291.05
2013-12-14,25.0,1022.0,1.0,230.0,295.16
2013-12-15,19.0,1018.0,1.0,230.0,298.71
2013-12-16,18.0,1010.0,1.0,230.0,298.625
2013-12-17,39.0,1015.0,1.0,230.0,297.94
2013-12-18,27.0,997.0,1.0,230.0,290.62
2013-12-19,76.0,1007.0,0.0,24.0,284.68
2013-12-20,66.0,999.0,1.0,230.0,289.03
2013-12-21,62.0,1013.0,1.0,230.0,288.29
2013-12-22,27.0,1007.0,1.0,230.0,291.78
2013-12-23,27.0,1008.0,0.0,180.0,294.65
2013-12-24,27.0,1004.0,1.0,230.0,297.15
2013-12-25,27.0,1005.0,1.0,230.0,298.44
2013-12-26,17.0,1010.0,1.0,205.0,298.105
2013-12-27,13.0,1015.0,1.0,225.0,298.39
2013-12-28,25.0,1014.0,1.0,230.0,293.27
2013-12-29,27.0,1003.0,1.0,230.0,295.28
2013-12-30,11.0,1021.0,1.0,134.0,294.79
2013-12-31,29.0,1020.0,1.0,207.0,293.9
2014-01-01,55.0,1016.0,1.0,230.0,294.25
2014-01-02,34.0,1014.0,1.0,176.0,296.74
2014-01-03,26.0,1012.0,3.0,179.0,293.25
2014-01-04,27.0,999.0,1.0,230.0,291.78
2014-01-05,15.0,1018.0,1.0,230.0,295.87
2014-01-06,22.0,1018.0,1.0,230.0,296.63
2014-01-07,34.0,1016.0,1.0,230.0,291.5
2014-01-08,43.0,1014.0,1.0,230.0,291.97
2014-01-09,65.0,1014.0,0.0,180.0,289.37
2014-01-10,41.0,1015.0,1.0,230.0,293.18
2014-01-11,41.0,1018.0,2.0,0.0,294.55958456
2014-01-12,32.0,1019.0,1.0,230.0,292.62
2014-01-13,12.0,1023.0,1.0,230.0,298.69
2014-01-14,10.0,1022.0,0.0,0.0,298.558828103
2014-01-15,12.0,1020.0,2.0,250.0,300.84
2014-01-16,5.0,1016.0,2.0,224.0,301.19
2014-01-17,20.0,1017.0,3.0,280.0,298.8
2014-01-18,27.0,988.0,1.0,230.0,301.113
2014-01-19,9.0,1017.0,0.0,155.0,297.94
2014-01-20,35.0,1018.0,1.0,257.0,298.39
2014-01-21,27.0,1003.0,1.0,230.0,295.93
2014-01-22,17.0,1011.0,1.0,230.0,294.99
2014-01-23,42.0,1011.0,0.0,134.0,292.86
2014-01-24,21.0,1021.0,0.0,0.0,292.949919467
2014-01-25,41.0,1018.0,1.0,221.0,295.67
2014-01-26,63.0,1017.0,1.0,0.0,291.36
2014-01-27,56.0,1016.0,1.0,280.0,292.28
2014-01-28,63.0,1017.0,1.0,0.0,293.13
2014-01-29,52.0,1014.0,0.0,0.0,294.41
2014-01-30,84.0,1013.0,0.0,0.0,288.4
2014-01-31,36.0,1014.0,2.0,300.0,288.92
2014-02-01,18.0,1014.0,0.0,41.0,290.56
2014-02-02,51.0,1015.0,2.0,250.0,287.61
2014-02-03,48.0,1012.0,2.0,0.0,287.86
2014-02-04,55.0,1016.0,0.0,0.0,288.27
2014-02-05,44.0,1017.0,1.0,0.0,288.97
2014-02-06,67.0,1015.0,0.0,0.0,285.67
2014-02-07,63.0,1020.0,1.0,0.0,288.48
2014-02-08,63.0,1023.0,0.0,0.0,290.02
2014-02-09,63.0,1020.0,1.0,0.0,290.13
2014-02-10,60.0,1016.0,1.0,0.0,292.44
2014-02-11,56.0,1017.0,0.0,0.0,293.88
2014-02-12,25.0,1018.0,2.0,280.0,297.42
2014-02-13,31.0,1015.0,2.0,0.0,297.86
2014-02-14,31.0,1015.0,0.0,0.0,298.6
2014-02-15,43.0,1015.0,0.0,0.0,296.26
2014-02-16,60.0,1015.0,0.0,0.0,294.36
2014-02-17,68.0,1016.0,0.0,0.0,291.72
2014-02-18,59.0,1015.0,2.0,0.0,291.16
2014-02-19,67.0,1013.0,2.0,0.0,292.88
2014-02-20,15.0,1014.0,0.0,0.0,297.86
2014-02-21,29.0,1012.0,1.0,0.0,296.54
2014-02-22,43.0,1011.0,0.0,0.0,292.88
2014-02-23,35.0,1013.0,2.0,0.0,294.82
2014-02-24,52.0,1014.0,1.0,0.0,294.07
2014-02-25,59.0,1015.0,2.0,270.0,292.26
2014-02-26,52.0,1016.0,1.0,0.0,290.21
2014-02-27,60.0,1013.0,0.0,0.0,291.74
2014-02-28,87.0,1005.0,0.0,0.0,285.96
2014-03-01,82.0,1010.0,2.0,80.0,286.16
2014-03-02,72.0,1020.0,1.0,0.0,287.51
2014-03-03,63.0,1017.0,2.0,270.0,291.67
2014-03-04,60.0,1023.0,0.0,186.0,292.024
2014-03-05,68.0,1016.0,2.0,0.0,294.54
2014-03-06,60.0,1015.0,1.0,0.0,293.27
2014-03-07,46.0,1013.0,2.0,240.0,294.67
2014-03-08,16.0,1018.0,2.0,270.0,298.61
2014-03-09,10.0,1018.0,2.0,0.0,300.2
2014-03-10,23.0,1015.0,0.0,0.0,296.69
2014-03-11,25.0,1013.0,1.0,270.0,295.67
2014-03-12,26.0,1013.0,1.0,240.0,296.58
2014-03-13,52.0,1013.0,0.0,0.0,293.51
2014-03-14,60.0,1017.0,0.0,0.0,294.94
2014-03-15,33.0,1021.0,2.0,0.0,300.15
2014-03-16,16.0,1020.0,2.0,260.0,302.5
2014-03-17,46.0,1009.0,1.0,0.0,296.2
2014-03-18,52.0,1010.0,4.0,280.0,295.26
2014-03-19,53.0,1016.0,1.0,0.0,296.48
2014-03-20,63.0,1014.0,1.0,0.0,294.16
2014-03-21,52.0,1015.0,1.0,0.0,292.43
2014-03-22,63.0,1018.0,1.0,0.0,291.52
2014-03-23,63.0,1017.0,2.0,0.0,293.2
2014-03-24,68.0,1017.0,2.0,0.0,293.0
2014-03-25,67.0,1014.0,2.0,0.0,290.18
2014-03-26,52.0,1013.0,4.0,270.0,289.99
2014-03-27,42.0,1017.0,1.0,0.0,291.06
2014-03-28,52.0,1019.0,2.0,0.0,293.28
2014-03-29,52.0,1016.0,2.0,0.0,294.59
2014-03-30,34.0,1015.0,4.0,270.0,293.2
2014-03-31,51.0,1016.0,1.0,0.0,290.26
2014-04-01,48.0,1014.0,5.0,270.0,288.93
2014-04-02,65.0,1021.0,2.0,269.0,285.407
2014-04-03,48.0,1018.0,2.0,0.0,291.56
2014-04-04,48.0,1015.0,1.0,0.0,290.74
2014-04-05,39.0,1015.0,4.0,270.0,292.24
2014-04-06,28.0,1016.0,2.0,0.0,297.51
2014-04-07,22.0,1017.0,0.0,0.0,300.89
2014-04-08,17.0,1016.0,2.0,0.0,303.21
2014-04-09,19.0,1014.0,0.0,0.0,299.89
2014-04-10,31.0,1013.0,1.0,250.0,296.64
2014-04-11,46.0,1011.0,2.0,0.0,297.16
2014-04-12,55.0,1013.0,3.0,0.0,291.42
2014-04-13,59.0,1015.0,2.0,0.0,291.73
2014-04-14,40.0,1016.0,3.0,260.0,298.76
2014-04-15,49.0,1011.0,2.0,0.0,296.7
2014-04-16,63.0,1009.0,2.0,0.0,294.41
2014-04-17,56.0,1011.0,2.0,0.0,293.55
2014-04-18,52.0,1012.0,3.0,270.0,293.59
2014-04-19,52.0,1015.0,2.0,0.0,295.36
2014-04-20,53.0,1016.0,2.0,0.0,297.43
2014-04-21,49.0,1015.0,1.0,0.0,297.97
2014-04-22,55.0,1013.0,4.0,270.0,293.29
2014-04-23,30.0,1013.0,3.0,0.0,294.65
2014-04-24,38.0,1013.0,2.0,0.0,297.13
2014-04-25,56.0,1011.0,0.0,0.0,291.77
2014-04-26,42.0,1013.0,2.0,0.0,291.32
2014-04-27,37.0,1015.0,3.0,270.0,292.5
2014-04-28,33.0,1013.0,0.0,0.0,298.2
2014-04-29,28.0,1031.0,2.0,40.0,297.356666667
2014-04-30,12.0,1028.0,4.0,44.0,298.467
2014-05-01,11.0,1029.0,1.0,34.0,303.019666667
2014-05-02,14.0,1027.0,1.0,232.0,304.12
2014-05-03,16.0,1024.0,1.0,229.0,302.739666667
2014-05-04,61.0,1001.0,1.0,284.0,298.08
2014-05-05,43.0,1011.0,1.0,215.0,293.69
2014-05-06,66.0,1009.0,5.0,262.0,290.91
2014-05-07,54.0,1012.0,1.0,293.0,291.73
2014-05-08,54.0,1014.0,1.0,259.0,293.51
2014-05-09,59.0,1016.0,1.0,219.0,294.5
2014-05-10,42.0,1008.0,1.0,274.0,294.76
2014-05-11,23.0,1010.0,6.0,170.0,297.85
2014-05-12,11.0,1012.0,0.0,351.0,303.63
2014-05-13,13.0,1018.0,2.0,50.0,305.65
2014-05-14,12.0,1012.0,1.0,79.0,307.87
2014-05-15,11.0,1003.0,1.0,244.0,308.99
2014-05-16,15.0,1011.0,2.0,227.0,304.7
2014-05-17,55.0,1012.0,1.0,212.0,298.88
2014-05-18,57.0,1010.0,3.0,226.0,296.32
2014-05-19,71.0,1013.0,4.0,240.0,294.77
2014-05-20,40.0,1013.0,2.0,235.0,292.7
2014-05-21,49.0,1012.0,1.0,231.0,293.5
2014-05-22,56.0,1013.0,1.0,235.0,292.56
2014-05-23,64.0,1016.0,6.0,240.0,294.47
2014-05-24,65.0,1014.0,2.0,146.0,293.42
2014-05-25,60.0,1012.0,2.0,280.0,297.85
2014-05-26,57.0,1013.0,2.0,0.0,300.07
2014-05-27,60.0,1013.0,2.0,280.0,299.12
2014-05-28,60.0,1011.0,2.0,0.0,297.55
2014-05-29,56.0,1012.0,1.0,0.0,298.12
2014-05-30,50.0,1011.0,0.0,0.0,300.41
2014-05-31,53.0,1012.0,1.0,0.0,299.44
2014-06-01,49.0,1010.0,1.0,237.0,299.11
2014-06-02,47.0,1010.0,3.0,255.0,296.98
2014-06-03,46.0,1009.0,1.0,222.0,299.57
2014-06-04,43.0,1008.0,1.0,217.0,299.57
2014-06-05,30.0,1006.0,1.0,213.0,299.14
2014-06-06,54.0,1008.0,2.0,170.0,296.58
2014-06-07,72.0,1009.0,3.0,283.0,296.1
2014-06-08,79.0,1008.0,3.0,190.0,298.34
2014-06-09,64.0,1008.0,4.0,240.0,299.23
2014-06-10,53.0,1008.0,1.0,205.0,295.91
2014-06-11,50.0,1009.0,0.0,288.0,297.38
2014-06-12,54.0,1025.0,1.0,205.0,297.860333333
2014-06-13,66.0,1011.0,1.0,210.0,297.15
2014-06-14,50.0,1011.0,1.0,134.0,297.29
2014-06-15,43.0,1008.0,1.0,204.0,296.58
2014-06-16,53.0,1023.0,1.0,200.0,296.190666667
2014-06-17,53.0,1023.0,1.0,201.0,294.894333333
2014-06-18,47.0,1012.0,5.0,145.0,296.72
2014-06-19,46.0,1025.0,1.0,238.0,301.325333333
2014-06-20,39.0,1013.0,1.0,281.0,301.078711467
2014-06-21,46.0,1012.0,2.0,239.0,299.206846596
2014-06-22,54.0,1024.0,1.0,205.0,298.380666667
2014-06-23,50.0,1024.0,1.0,206.0,299.055666667
2014-06-24,56.0,1025.0,1.0,208.0,299.674
2014-06-25,52.0,1013.0,1.0,212.0,298.818411765
2014-06-26,51.0,1012.0,4.0,220.0,298.0
2014-06-27,48.0,1008.0,1.0,212.0,299.02
2014-06-28,49.0,1012.0,1.0,208.0,299.94901227
2014-06-29,55.0,1023.0,1.0,216.0,302.622666667
2014-06-30,54.0,1022.0,1.0,210.0,301.695666667
2014-07-01,46.0,1011.0,1.0,214.0,305.088214984
2014-07-02,40.0,1008.0,1.0,211.0,299.79
2014-07-03,64.0,1013.0,7.0,274.0,301.54610998
2014-07-04,30.0,1011.0,1.0,219.0,302.18
2014-07-05,23.0,1013.0,1.0,209.0,303.37
2014-07-06,37.0,1010.0,1.0,216.0,302.42
2014-07-07,27.0,1009.0,1.0,222.0,301.07
2014-07-08,30.0,1009.0,1.0,220.0,301.49
2014-07-09,39.0,1009.0,1.0,211.0,301.14
2014-07-10,43.0,1009.0,1.0,221.0,299.7
2014-07-11,60.0,1015.0,7.0,280.0,299.21
2014-07-12,46.0,1011.0,1.0,217.0,300.16
2014-07-13,44.0,1008.0,1.0,218.0,301.46
2014-07-14,58.0,1011.0,1.0,197.0,299.58
2014-07-15,68.0,1017.0,6.0,240.0,298.24
2014-07-16,60.0,1016.0,4.0,280.0,298.76
2014-07-17,53.0,1016.0,7.0,260.0,297.61
2014-07-18,64.0,1015.0,5.0,250.0,297.83
2014-07-19,73.0,1014.0,4.0,240.0,296.29
2014-07-20,60.0,1015.0,6.0,250.0,299.18
2014-07-21,69.0,1017.0,5.0,280.0,299.15
2014-07-22,33.0,1016.0,0.0,223.0,302.1
2014-07-23,44.0,1013.0,6.0,260.0,302.98
2014-07-24,37.0,1021.0,1.0,226.0,306.459
2014-07-25,65.0,1012.0,4.0,260.0,300.68
2014-07-26,69.0,1014.0,5.0,250.0,301.82
2014-07-27,58.0,1022.0,2.0,241.0,300.734249694
2014-07-28,50.0,1028.0,1.0,222.0,300.042333333
2014-07-29,42.0,1026.0,1.0,223.0,304.384666667
2014-07-30,57.0,1013.0,3.0,290.0,303.75
2014-07-31,61.0,1012.0,5.0,250.0,303.36
2014-08-01,72.0,1012.0,2.0,245.0,302.08
2014-08-02,60.0,1025.0,1.0,187.0,300.313666667
2014-08-03,73.0,1012.0,5.0,260.0,300.43
2014-08-04,64.0,1015.0,4.0,270.0,301.16
2014-08-05,64.0,1016.0,5.0,290.0,301.1
2014-08-06,42.0,1015.0,4.0,230.0,299.43
2014-08-07,64.0,1013.0,6.0,250.0,299.38
2014-08-08,55.0,1024.0,1.0,217.0,299.973
2014-08-09,54.0,1026.0,1.0,215.0,300.864333333
2014-08-10,52.0,1026.0,1.0,216.0,301.882666667
2014-08-11,59.0,1026.0,1.0,221.0,301.487666667
2014-08-12,52.0,1026.0,1.0,221.0,301.414333333
2014-08-13,53.0,1026.0,1.0,204.0,300.651666667
2014-08-14,50.0,1026.0,1.0,178.0,300.750666667
2014-08-15,53.0,1026.0,1.0,213.0,302.317666667
2014-08-16,53.0,1027.0,1.0,233.0,302.986666667
2014-08-17,49.0,1024.0,1.0,223.0,304.057666667
2014-08-18,44.0,1022.0,1.0,208.0,302.436666667
2014-08-19,49.0,1022.0,1.0,196.0,298.87
2014-08-20,50.0,1024.0,1.0,194.0,298.482333333
2014-08-21,55.0,1025.0,1.0,205.0,300.214666667
2014-08-22,55.0,1026.0,1.0,210.0,300.243666667
2014-08-23,44.0,1025.0,1.0,207.0,298.898666667
2014-08-24,47.0,1022.0,1.0,220.0,298.747666667
2014-08-25,47.0,1023.0,1.0,202.0,298.137333333
2014-08-26,48.0,1025.0,1.0,212.0,300.023666667
2014-08-27,45.0,1028.0,1.0,236.0,302.671666667
2014-08-28,40.0,1025.0,1.0,238.0,304.361333333
2014-08-29,33.0,1022.0,1.0,206.0,304.948333333
2014-08-30,41.0,1021.0,1.0,231.0,304.662333333
2014-08-31,44.0,1021.0,1.0,217.0,303.314666667
2014-09-01,45.0,1022.0,1.0,199.0,301.28
2014-09-02,43.0,1021.0,1.0,197.0,301.427333333
2014-09-03,55.0,1019.0,1.0,208.0,299.855666667
2014-09-04,49.0,1019.0,1.0,208.0,299.335
2014-09-05,46.0,1023.0,1.0,221.0,301.464333333
2014-09-06,53.0,1023.0,1.0,217.0,304.091666667
2014-09-07,48.0,1021.0,1.0,213.0,303.855666667
2014-09-08,62.0,1023.0,1.0,191.0,300.308666667
2014-09-09,56.0,1024.0,1.0,222.0,300.245
2014-09-10,39.0,1023.0,1.0,233.0,302.843666667
2014-09-11,37.0,1022.0,1.0,234.0,304.395333333
2014-09-12,40.0,1021.0,1.0,237.0,305.159666667
2014-09-13,40.0,1020.0,1.0,240.0,306.400666667
2014-09-14,42.0,1020.0,1.0,228.0,306.275333333
2014-09-15,43.0,1021.0,1.0,247.0,306.477
2014-09-16,44.0,1021.0,1.0,226.0,305.310333333
2014-09-17,47.0,1020.0,1.0,243.0,303.949
2014-09-18,52.0,1021.0,1.0,219.0,299.720666667
2014-09-19,57.0,1023.0,1.0,208.0,297.567
2014-09-20,52.0,1024.0,1.0,211.0,299.069
2014-09-21,52.0,1026.0,1.0,212.0,298.975666667
2014-09-22,47.0,1026.0,1.0,216.0,301.242333333
2014-09-23,42.0,1026.0,1.0,205.0,301.876666667
2014-09-24,41.0,1024.0,1.0,218.0,303.178666667
2014-09-25,51.0,1025.0,1.0,203.0,300.175
2014-09-26,49.0,1022.0,1.0,192.0,297.385333333
2014-09-27,55.0,1021.0,1.0,241.0,293.558
2014-09-28,58.0,1023.0,1.0,214.0,293.947
2014-09-29,47.0,1024.0,1.0,258.0,297.232
2014-09-30,43.0,1022.0,1.0,224.0,298.601333333
2014-10-01,34.0,1021.0,0.0,118.0,300.176333333
2014-10-02,28.0,1027.0,0.0,209.0,301.181666667
2014-10-03,15.0,1028.0,0.0,238.0,304.466
2014-10-04,16.0,1025.0,0.0,254.0,305.586
2014-10-05,17.0,1024.0,1.0,245.0,305.612333333
2014-10-06,22.0,1024.0,1.0,222.0,303.533333333
2014-10-07,23.0,1025.0,1.0,205.0,300.809
2014-10-08,26.0,1023.0,0.0,248.0,300.992666667
2014-10-09,37.0,1024.0,1.0,224.0,300.043666667
2014-10-10,35.0,1025.0,1.0,213.0,299.383666667
2014-10-11,37.0,1026.0,1.0,244.0,300.737
2014-10-12,43.0,1024.0,0.0,210.0,300.389333333
2014-10-13,37.0,1028.0,0.0,236.0,299.432333333
2014-10-14,44.0,1025.0,1.0,196.0,296.951666667
2014-10-15,60.0,1026.0,1.0,222.0,293.236333333
2014-10-16,62.0,1025.0,1.0,222.0,293.986
2014-10-17,62.0,1025.0,1.0,217.0,292.898666667
2014-10-18,53.0,1023.0,1.0,233.0,295.540333333
2014-10-19,51.0,1023.0,1.0,225.0,297.269
2014-10-20,54.0,1023.0,1.0,218.0,296.359
2014-10-21,52.0,1023.0,1.0,223.0,296.019333333
2014-10-22,45.0,1026.0,0.0,246.0,297.569666667
2014-10-23,29.0,1027.0,1.0,180.0,299.878333333
2014-10-24,28.0,1027.0,1.0,187.0,299.520333333
2014-10-25,37.0,1028.0,1.0,223.0,296.619
2014-10-26,45.0,1024.0,1.0,208.0,295.328666667
2014-10-27,49.0,1024.0,0.0,258.0,294.257666667
2014-10-28,37.0,1028.0,0.0,263.0,296.672666667
2014-10-29,29.0,1028.0,0.0,247.0,298.689333333
2014-10-30,33.0,1026.0,1.0,203.0,295.931
2014-10-31,56.0,1023.0,1.0,196.0,291.823
2014-11-01,99.0,1026.0,1.0,221.0,283.974666667
2014-11-02,53.0,1029.0,1.0,255.0,288.761
2014-11-03,31.0,1033.0,0.0,114.0,290.691
2014-11-04,18.0,1035.0,0.0,14.0,293.713333333
2014-11-05,17.0,1031.0,0.0,41.0,297.574666667
2014-11-06,15.0,1033.0,0.0,264.0,300.145
2014-11-07,17.0,1030.0,0.0,271.0,300.559333333
2014-11-08,18.0,1029.0,0.0,276.0,300.957333333
2014-11-09,20.0,1023.0,1.0,211.0,299.202666667
2014-11-10,43.0,1022.0,1.0,205.0,293.517666667
2014-11-11,63.0,1025.0,1.0,199.0,288.851
2014-11-12,61.0,1026.0,1.0,213.0,290.291333333
2014-11-13,57.0,1028.0,1.0,220.0,292.271
2014-11-14,58.0,1027.0,1.0,230.0,291.854666667
2014-11-15,57.0,1028.0,1.0,228.0,291.281
2014-11-16,35.0,1034.0,1.0,46.0,287.545
2014-11-17,16.0,1033.0,0.0,21.0,291.643333333
2014-11-18,15.0,1033.0,0.0,205.0,292.205333333
2014-11-19,23.0,1031.0,1.0,229.0,292.013333333
2014-11-20,46.0,1028.0,1.0,213.0,290.716666667
2014-11-21,35.0,1026.0,0.0,326.0,291.58
2014-11-22,37.0,1030.0,1.0,246.0,293.281666667
2014-11-23,25.0,1033.0,1.0,27.0,290.558666667
2014-11-24,18.0,1037.0,0.0,248.0,292.448333333
2014-11-25,10.0,1040.0,0.0,310.0,294.003
2014-11-26,14.0,1035.0,0.0,320.0,297.574
2014-11-27,16.0,1030.0,0.0,192.0,298.205
2014-11-28,13.0,1025.0,1.0,218.0,297.948
2014-11-29,30.0,1023.0,1.0,168.0,292.272333333
2014-11-30,99.0,1028.0,0.0,166.0,286.004333333
2014-12-01,74.0,1031.0,0.0,82.0,290.017
2014-12-02,99.0,1026.0,1.0,105.0,285.521333333
2014-12-03,100.0,1027.0,0.0,55.0,286.491
2014-12-04,89.0,1028.0,1.0,241.0,287.181666667
2014-12-05,85.0,1032.0,0.0,220.0,286.924333333
2014-12-06,61.0,1034.0,0.0,296.0,290.892
2014-12-07,58.0,1033.0,0.0,225.0,291.091666667
2014-12-08,53.0,1031.0,0.0,204.0,292.311666667
2014-12-09,39.0,1030.0,0.0,315.0,292.829666667
2014-12-10,37.0,1027.0,0.0,206.0,292.456666667
2014-12-11,62.0,1025.0,2.0,141.0,289.521
2014-12-12,95.0,1028.0,1.0,242.0,283.592333333
2014-12-13,84.0,1032.0,0.0,289.0,284.35
2014-12-14,61.0,1031.0,1.0,219.0,285.399
2014-12-15,60.0,1028.0,1.0,156.0,285.001333333
2014-12-16,96.0,1029.0,0.0,109.0,282.901
2014-12-17,88.0,1031.0,1.0,238.0,283.931333333
2014-12-18,74.0,1035.0,0.0,224.0,285.098
2014-12-19,64.0,1035.0,1.0,222.0,286.126333333
2014-12-20,60.0,1033.0,0.0,272.0,288.241
2014-12-21,58.0,1032.0,0.0,308.0,291.303333333
2014-12-22,58.0,1030.0,0.0,344.0,291.132333333
2014-12-23,44.0,1033.0,0.0,232.0,292.639666667
2014-12-24,32.0,1028.0,1.0,230.0,291.599
2014-12-25,32.0,1024.0,1.0,4.0,284.299
2014-12-26,24.0,1031.0,0.0,24.0,283.998666667
2014-12-27,21.0,1039.0,0.0,228.0,284.357
2014-12-28,22.0,1035.0,1.0,244.0,285.825333333
2014-12-29,30.0,1032.0,1.0,213.0,287.203666667
2014-12-30,61.0,1024.0,0.0,43.0,282.057
2014-12-31,40.0,1030.0,3.0,5.0,278.774
2015-01-01,22.0,1032.0,0.0,255.0,284.508
2015-01-02,26.0,1031.0,1.0,227.0,284.567666667
2015-01-03,35.0,1036.0,1.0,218.0,286.104333333
2015-01-04,35.0,1039.0,0.0,218.0,288.798333333
2015-01-05,35.0,1036.0,1.0,10.0,290.397333333
2015-01-06,21.0,1033.0,1.0,15.0,294.98
2015-01-07,21.0,1031.0,0.0,216.0,296.104
2015-01-08,24.0,1028.0,1.0,239.0,295.190666667
2015-01-09,43.0,1028.0,1.0,139.0,291.042666667
2015-01-10,41.0,1028.0,1.0,184.0,290.541333333
2015-01-11,94.0,1030.0,1.0,4.0,286.432333333
2015-01-12,83.0,1033.0,1.0,220.0,287.748
2015-01-13,51.0,1031.0,2.0,38.0,287.664333333
2015-01-14,37.0,1034.0,0.0,238.0,289.790666667
2015-01-15,31.0,1036.0,1.0,249.0,290.741
2015-01-16,26.0,1034.0,0.0,216.0,292.158333333
2015-01-17,22.0,1035.0,0.0,228.0,294.366
2015-01-18,22.0,1034.0,1.0,237.0,295.397666667
2015-01-19,33.0,1031.0,1.0,215.0,294.513666667
2015-01-20,47.0,1027.0,0.0,226.0,290.486666667
2015-01-21,51.0,1029.0,1.0,30.0,290.156333333
2015-01-22,40.0,1037.0,0.0,242.0,289.423666667
2015-01-23,26.0,1035.0,1.0,21.0,291.228333333
2015-01-24,18.0,1031.0,2.0,48.0,293.614333333
2015-01-25,19.0,1029.0,0.0,111.0,296.462
2015-01-26,29.0,1029.0,1.0,177.0,293.323666667
2015-01-27,57.0,1034.0,1.0,212.0,290.454333333
2015-01-28,53.0,1032.0,1.0,19.0,290.276333333
2015-01-29,41.0,1029.0,0.0,58.0,290.792666667
2015-01-30,51.0,1024.0,1.0,19.0,289.373333333
2015-01-31,40.0,1025.0,3.0,34.0,290.909
2015-02-01,32.0,1032.0,1.0,237.0,294.113666667
2015-02-02,28.0,1031.0,1.0,223.0,295.029666667
2015-02-03,32.0,1030.0,0.0,222.0,296.169666667
2015-02-04,48.0,1031.0,1.0,211.0,294.575666667
2015-02-05,49.0,1029.0,1.0,197.0,294.517333333
2015-02-06,51.0,1031.0,1.0,178.0,292.541
2015-02-07,69.0,1032.0,1.0,239.0,290.691666667
2015-02-08,64.0,1031.0,1.0,241.0,293.751
2015-02-09,55.0,1030.0,1.0,269.0,292.870666667
2015-02-10,53.0,1027.0,1.0,17.0,292.680666667
2015-02-11,34.0,1031.0,0.0,44.0,295.276333333
2015-02-12,20.0,1033.0,0.0,244.0,296.55
2015-02-13,15.0,1030.0,0.0,279.0,298.895666667
2015-02-14,17.0,1030.0,1.0,228.0,298.326
2015-02-15,19.0,1026.0,0.0,258.0,298.866333333
2015-02-16,29.0,1027.0,1.0,215.0,296.1
2015-02-17,49.0,1031.0,1.0,211.0,293.808
2015-02-18,40.0,1031.0,1.0,211.0,295.276
2015-02-19,46.0,1029.0,1.0,203.0,293.724
2015-02-20,56.0,1025.0,1.0,231.0,291.658666667
2015-02-21,59.0,1024.0,1.0,201.0,289.407666667
2015-02-22,85.0,1022.0,1.0,164.0,284.707
2015-02-23,83.0,1030.0,1.0,198.0,283.933666667
2015-02-24,54.0,1034.0,1.0,1.0,288.787333333
2015-02-25,33.0,1030.0,1.0,226.0,292.876666667
2015-02-26,38.0,1024.0,0.0,244.0,292.88
2015-02-27,59.0,1020.0,1.0,212.0,290.058
2015-02-28,77.0,1023.0,1.0,235.0,283.652
2015-03-01,96.0,1026.0,1.0,154.0,281.901
2015-03-02,95.0,1025.0,1.0,171.0,281.018333333
2015-03-03,63.0,1026.0,1.0,264.0,286.442
2015-03-04,33.0,1032.0,0.0,38.0,289.691666667
2015-03-05,20.0,1035.0,0.0,237.0,293.487666667
2015-03-06,15.0,1031.0,1.0,57.0,296.25
2015-03-07,13.0,1027.0,0.0,225.0,298.395333333
2015-03-08,18.0,1027.0,1.0,210.0,297.456
2015-03-09,23.0,1025.0,0.0,251.0,298.109333333
2015-03-10,27.0,1027.0,1.0,211.0,297.372666667
2015-03-11,44.0,1032.0,1.0,304.0,292.266333333
2015-03-12,40.0,1029.0,2.0,38.0,296.265666667
2015-03-13,17.0,1029.0,2.0,29.0,299.098666667
2015-03-14,17.0,1030.0,1.0,225.0,301.700333333
2015-03-15,17.0,1029.0,1.0,215.0,301.336333333
2015-03-16,18.0,1026.0,1.0,221.0,300.210333333
2015-03-17,24.0,1026.0,1.0,208.0,296.866
2015-03-18,43.0,1026.0,1.0,200.0,293.9
2015-03-19,33.0,1027.0,0.0,279.0,297.432333333
2015-03-20,34.0,1030.0,1.0,222.0,298.04
2015-03-21,32.0,1031.0,1.0,224.0,296.599
2015-03-22,49.0,1032.0,1.0,225.0,293.034333333
2015-03-23,47.0,1031.0,1.0,252.0,293.354
2015-03-24,35.0,1028.0,1.0,307.0,295.543666667
2015-03-25,29.0,1029.0,0.0,216.0,298.498
2015-03-26,20.0,1030.0,0.0,272.0,301.477333333
2015-03-27,17.0,1030.0,1.0,242.0,301.773333333
2015-03-28,20.0,1028.0,1.0,209.0,300.625333333
2015-03-29,25.0,1027.0,1.0,214.0,299.789333333
2015-03-30,30.0,1027.0,1.0,226.0,299.973
2015-03-31,36.0,1026.0,1.0,211.0,297.460333333
2015-04-01,51.0,1025.0,1.0,232.0,293.451
2015-04-02,32.0,1026.0,0.0,138.0,293.477333333
2015-04-03,31.0,1028.0,0.0,209.0,295.561666667
2015-04-04,19.0,1023.0,1.0,224.0,296.622
2015-04-05,39.0,1022.0,2.0,207.0,292.199666667
2015-04-06,45.0,1025.0,1.0,200.0,288.06
2015-04-07,82.0,1028.0,1.0,198.0,283.607666667
2015-04-08,43.0,1028.0,1.0,288.0,289.605
2015-04-09,26.0,1025.0,1.0,200.0,293.412666667
2015-04-10,33.0,1026.0,1.0,211.0,292.838
2015-04-11,34.0,1024.0,1.0,244.0,295.241333333
2015-04-12,32.0,1025.0,1.0,233.0,298.133
2015-04-13,37.0,1028.0,1.0,211.0,296.875
2015-04-14,39.0,1028.0,1.0,274.0,295.550666667
2015-04-15,33.0,1026.0,0.0,215.0,293.801666667
2015-04-16,18.0,1028.0,0.0,222.0,295.461
2015-04-17,18.0,1028.0,2.0,249.0,297.617
2015-04-18,21.0,1026.0,1.0,229.0,298.294
2015-04-19,27.0,1023.0,1.0,220.0,298.13
2015-04-20,38.0,1021.0,1.0,215.0,295.643
2015-04-21,69.0,1023.0,1.0,197.0,288.236333333
2015-04-22,61.0,1023.0,1.0,209.0,289.942
2015-04-23,65.0,1022.0,1.0,217.0,289.489333333
2015-04-24,65.0,1026.0,1.0,206.0,289.376666667
2015-04-25,68.0,1025.0,2.0,265.0,288.121
2015-04-26,46.0,1025.0,1.0,263.0,294.129333333
2015-04-27,18.0,1026.0,1.0,44.0,298.733666667
2015-04-28,23.0,1026.0,1.0,194.0,297.031222222
2015-04-29,19.0,1023.0,1.0,227.0,302.326
2015-04-30,22.0,1022.0,1.0,224.0,301.248
2015-05-01,22.0,1024.0,1.0,215.0,300.291333333
2015-05-02,24.0,1021.0,2.0,262.0,300.552333333
2015-05-03,45.0,1022.0,1.0,223.0,295.951
2015-05-04,53.0,1024.0,1.0,215.0,294.264666667
2015-05-05,60.0,1024.0,1.0,198.0,291.166333333
2015-05-06,62.0,1021.0,1.0,205.0,289.772333333
2015-05-07,65.0,1022.0,2.0,212.0,286.024666667
2015-05-08,90.0,1027.0,1.0,165.0,283.528666667
2015-05-09,61.0,1027.0,1.0,225.0,291.662333333
2015-05-10,43.0,1026.0,1.0,235.0,297.241666667
2015-05-11,48.0,1023.0,1.0,214.0,296.326333333
2015-05-12,50.0,1023.0,1.0,182.0,293.119333333
2015-05-13,58.0,1025.0,1.0,183.0,289.605666667
2015-05-14,94.0,1025.0,1.0,157.0,282.978
2015-05-15,89.0,1025.0,1.0,253.0,285.837333333
2015-05-16,66.0,1027.0,1.0,198.0,290.412333333
2015-05-17,60.0,1027.0,1.0,207.0,290.955333333
2015-05-18,59.0,1028.0,1.0,230.0,290.911333333
2015-05-19,55.0,1027.0,1.0,217.0,292.831333333
2015-05-20,54.0,1025.0,1.0,201.0,292.298333333
2015-05-21,60.0,1025.0,1.0,209.0,289.69
2015-05-22,67.0,1028.0,1.0,211.0,288.868
2015-05-23,68.0,1029.0,1.0,192.0,290.421333333
2015-05-24,57.0,1025.0,1.0,228.0,293.950333333
2015-05-25,54.0,1026.0,1.0,201.0,295.149666667
2015-05-26,55.0,1026.0,1.0,210.0,295.3
2015-05-27,52.0,1025.0,1.0,210.0,296.398
2015-05-28,46.0,1026.0,1.0,210.0,299.089333333
2015-05-29,46.0,1025.0,1.0,214.0,300.834
2015-05-30,47.0,1024.0,1.0,219.0,301.419333333
2015-05-31,54.0,1025.0,1.0,204.0,298.656333333
2015-06-01,54.0,1027.0,1.0,215.0,296.478333333
2015-06-02,57.0,1025.0,1.0,208.0,296.195666667
2015-06-03,62.0,1023.0,1.0,202.0,295.02
2015-06-04,62.0,1023.0,1.0,196.0,292.334333333
2015-06-05,62.0,1023.0,1.0,212.0,292.784666667
2015-06-06,57.0,1024.0,1.0,216.0,296.513333333
2015-06-07,41.0,1022.0,1.0,229.0,302.034333333
2015-06-08,43.0,1024.0,1.0,218.0,303.317666667
2015-06-09,56.0,1023.0,1.0,185.0,297.649666667
2015-06-10,63.0,1024.0,1.0,223.0,296.979333333
2015-06-11,61.0,1021.0,1.0,221.0,298.582666667
2015-06-12,66.0,952.0,1.0,203.0,298.243
2015-06-13,65.0,1020.0,1.0,209.0,298.463
2015-06-14,59.0,1020.0,1.0,214.0,300.772333333
2015-06-15,53.0,1021.0,1.0,211.0,302.167
2015-06-16,50.0,1023.0,1.0,224.0,302.479666667
2015-06-17,50.0,1025.0,1.0,218.0,301.768333333
2015-06-18,46.0,1025.0,1.0,218.0,302.485666667
2015-06-19,49.0,954.0,1.0,222.0,302.107
2015-06-20,45.0,954.0,1.0,215.0,303.219
2015-06-21,45.0,1025.0,1.0,242.0,303.307
2015-06-22,48.0,957.0,1.0,221.0,301.394
2015-06-23,46.0,1024.0,1.0,208.0,301.547666667
2015-06-24,41.0,955.0,1.0,207.0,302.11
2015-06-25,53.0,1017.0,4.0,250.0,302.692653199
2015-06-26,60.0,1015.0,5.0,260.0,303.18
2015-06-27,77.0,1015.0,5.0,250.0,299.89
2015-06-28,57.0,1012.0,6.0,270.0,305.73
2015-06-29,64.0,1012.0,5.0,260.0,304.24
2015-06-30,55.0,1016.0,3.0,236.0,304.224758039
2015-07-01,61.0,1013.0,5.0,260.0,301.95
2015-07-02,61.0,1014.0,5.0,270.0,302.68
2015-07-03,64.0,1012.0,4.0,290.0,302.37
2015-07-04,64.0,1012.0,5.0,250.0,300.01
2015-07-05,64.0,1015.0,5.0,250.0,299.7
2015-07-06,88.0,1016.0,4.0,250.0,299.62
2015-07-07,64.0,1013.0,4.0,230.0,299.53
2015-07-08,64.0,1011.0,4.0,250.0,297.59
2015-07-09,47.0,1012.0,5.0,250.0,296.8
2015-07-10,53.0,1013.0,6.0,260.0,297.67
2015-07-11,60.0,1015.0,4.0,270.0,299.86
2015-07-12,60.0,1015.0,6.0,270.0,302.15
2015-07-13,47.0,1012.0,2.0,0.0,302.78
2015-07-14,60.0,1011.0,3.0,240.0,301.0
2015-07-15,57.0,1012.0,6.0,240.0,301.2
2015-07-16,64.0,1013.0,6.0,250.0,301.07
2015-07-17,60.0,1010.0,4.0,290.0,303.32
2015-07-18,60.0,1017.0,1.0,120.0,292.81
2015-07-19,48.0,1016.0,5.0,260.0,301.65
2015-07-20,54.0,1015.0,5.0,270.0,301.33
2015-07-21,61.0,1012.0,5.0,260.0,300.23
2015-07-22,54.0,1012.0,6.0,250.0,300.75
2015-07-23,61.0,1015.0,5.0,230.0,301.39
2015-07-24,57.0,1016.0,5.0,270.0,303.73
2015-07-25,54.0,1014.0,5.0,240.0,304.36
2015-07-26,64.0,1013.0,6.0,250.0,301.37
2015-07-27,57.0,1012.0,5.0,240.0,300.79
2015-07-28,57.0,1011.0,4.0,240.0,303.62
2015-07-29,61.0,1013.0,4.0,300.0,302.37
2015-07-30,65.0,1015.0,5.0,240.0,302.52
2015-07-31,61.0,1015.0,4.0,290.0,304.0
2015-08-01,61.0,1013.0,4.0,240.0,303.1
2015-08-02,61.0,1011.0,5.0,260.0,303.38
2015-08-03,61.0,1012.0,5.0,250.0,303.15
2015-08-04,42.0,1013.0,6.0,270.0,304.92
2015-08-05,45.0,1017.0,3.0,233.0,304.609552819
2015-08-06,64.0,1011.0,4.0,250.0,301.26
2015-08-07,64.0,1012.0,5.0,260.0,300.29
2015-08-08,53.0,1013.0,6.0,260.0,300.53
2015-08-09,56.0,1014.0,5.0,250.0,299.9
2015-08-10,57.0,1013.0,6.0,250.0,300.49
2015-08-11,57.0,1013.0,4.0,290.0,300.93
2015-08-12,47.0,1014.0,4.0,290.0,306.2
2015-08-13,47.0,1012.0,6.0,260.0,307.3
2015-08-14,42.0,1012.0,5.0,260.0,308.41
2015-08-15,39.0,1011.0,5.0,280.0,309.78
2015-08-16,48.0,1010.0,4.0,290.0,309.45
2015-08-17,57.0,1012.0,3.0,150.0,303.41
2015-08-18,65.0,1013.0,4.0,260.0,302.64
2015-08-19,64.0,1012.0,5.0,280.0,301.68
2015-08-20,61.0,1011.0,5.0,240.0,301.68
2015-08-21,57.0,1011.0,4.0,250.0,300.75
2015-08-22,61.0,1013.0,6.0,260.0,302.22
2015-08-23,61.0,1013.0,5.0,250.0,303.39
2015-08-24,61.0,1013.0,4.0,290.0,305.38
2015-08-25,48.0,1014.0,4.0,270.0,302.89
2015-08-26,58.0,1014.0,4.0,300.0,306.38
2015-08-27,45.0,1012.0,5.0,240.0,307.8
2015-08-28,40.0,1010.0,4.0,260.0,308.98
2015-08-29,36.0,1019.0,3.0,250.0,306.43127975
2015-08-30,57.0,1011.0,5.0,270.0,303.46
2015-08-31,57.0,1011.0,5.0,250.0,301.89
2015-09-01,51.0,1019.0,2.0,218.0,299.572536585
2015-09-02,57.0,1013.0,6.0,240.0,300.24
2015-09-03,53.0,1011.0,7.0,260.0,299.19
2015-09-04,53.0,1011.0,4.0,250.0,298.79
2015-09-05,57.0,1012.0,6.0,260.0,300.97
2015-09-06,51.0,1012.0,6.0,250.0,303.41
2015-09-07,33.0,1010.0,6.0,270.0,305.8
2015-09-08,29.0,1008.0,5.0,270.0,308.7
2015-09-09,30.0,1007.0,5.0,160.0,305.88
2015-09-10,46.0,1010.0,4.0,250.0,307.32
2015-09-11,35.0,1011.0,5.0,260.0,307.09
2015-09-12,35.0,1011.0,3.0,260.0,303.98
2015-09-13,58.0,1008.0,6.0,260.0,304.77
2015-09-14,61.0,1009.0,5.0,270.0,300.57
2015-09-15,69.0,1012.0,6.0,250.0,297.92
2015-09-16,53.0,1015.0,4.0,260.0,297.11
2015-09-17,47.0,1012.0,5.0,270.0,300.17
2015-09-18,42.0,1008.0,4.0,290.0,303.85
2015-09-19,39.0,1007.0,4.0,290.0,305.53
2015-09-20,31.0,1007.0,4.0,270.0,309.41
2015-09-21,69.0,1009.0,3.0,230.0,300.33
2015-09-22,65.0,1013.0,5.0,260.0,301.39
2015-09-23,61.0,1011.0,3.0,280.0,303.35
2015-09-24,45.0,1009.0,5.0,270.0,306.24
2015-09-25,58.0,1010.0,5.0,270.0,306.83
2015-09-26,48.0,1008.0,5.0,250.0,305.49
2015-09-27,61.0,1008.0,5.0,260.0,304.2
2015-09-28,51.0,1011.0,6.0,260.0,303.46
2015-09-29,44.0,1011.0,5.0,270.0,303.26
2015-09-30,42.0,1009.0,5.0,270.0,304.45
2015-10-01,44.0,1012.0,4.0,270.0,301.0
2015-10-02,57.0,1009.0,4.0,240.0,300.05
2015-10-03,61.0,1001.0,4.0,250.0,299.59
2015-10-04,49.0,1004.0,4.0,250.0,293.39
2015-10-05,50.0,1012.0,4.0,260.0,293.85
2015-10-06,64.0,1017.0,5.0,240.0,297.8
2015-10-07,61.0,1016.0,6.0,260.0,301.02
2015-10-08,51.0,1013.0,4.0,280.0,304.88
2015-10-09,23.0,1020.0,1.0,153.0,307.327279259
2015-10-10,26.0,1012.0,4.0,270.0,308.29
2015-10-11,27.0,1011.0,4.0,280.0,307.81
2015-10-12,30.0,1012.0,1.0,233.0,305.89
2015-10-13,43.0,1015.0,4.0,210.0,303.9
2015-10-14,69.0,1013.0,4.0,280.0,302.0
2015-10-15,65.0,1012.0,1.0,0.0,299.11
2015-10-16,68.0,1024.0,1.0,215.0,296.867333333
2015-10-17,54.0,1012.0,2.0,180.0,299.59
2015-10-18,77.0,1020.0,3.0,230.0,294.224479063
2015-10-19,60.0,1012.0,6.0,260.0,295.77
2015-10-20,44.0,1013.0,3.0,181.0,298.24374544
2015-10-21,54.0,1011.0,5.0,270.0,299.81
2015-10-22,69.0,1013.0,5.0,240.0,297.8
2015-10-23,34.0,1026.0,0.0,275.0,298.711333333
2015-10-24,30.0,1025.0,0.0,253.0,299.273333333
2015-10-25,25.0,1025.0,1.0,211.0,297.786333333
2015-10-26,23.0,1025.0,0.0,254.0,300.656
2015-10-27,32.0,1019.0,1.0,218.0,299.188550642
2015-10-28,45.0,1017.0,1.0,220.0,297.209454389
2015-10-29,34.0,1013.0,3.0,139.0,298.156695227
2015-10-30,14.0,1018.0,3.0,124.0,299.200677373
2015-10-31,31.0,1022.0,2.0,249.0,301.29562141
2015-11-01,60.0,1015.0,4.0,230.0,300.42
2015-11-02,60.0,1008.0,6.0,270.0,294.77
2015-11-03,46.0,1016.0,2.0,266.0,289.523373236
2015-11-04,33.0,1019.0,2.0,276.0,289.887639909
2015-11-05,21.0,1027.0,1.0,246.0,291.649534957
2015-11-06,23.0,1018.0,5.0,250.0,296.79
2015-11-07,14.0,1022.0,1.0,86.0,296.393836917
2015-11-08,46.0,1014.0,4.0,240.0,296.28
2015-11-09,54.0,1020.0,2.0,119.0,289.925533569
2015-11-10,35.0,1024.0,3.0,279.0,289.340255474
2015-11-11,17.0,1028.0,0.0,328.0,292.124423032
2015-11-12,8.0,1022.0,1.0,159.0,293.947655146
2015-11-13,14.0,1020.0,2.0,132.0,296.471500456
2015-11-14,13.0,1017.0,1.0,215.0,295.288944223
2015-11-15,77.0,1017.0,2.0,237.0,287.422498509
2015-11-16,17.0,1016.0,3.0,310.0,289.74
2015-11-17,16.0,1026.0,4.0,276.0,293.03837682
2015-11-18,29.0,1020.0,1.0,286.0,295.900768712
2015-11-19,12.0,1019.0,2.0,324.0,297.371894667
2015-11-20,20.0,1012.0,3.0,190.0,299.96
2015-11-21,14.0,1020.0,1.0,27.0,299.466703369
2015-11-22,6.0,1012.0,2.0,250.0,302.22
2015-11-23,36.0,1013.0,5.0,260.0,297.95
2015-11-24,48.0,1019.0,1.0,196.0,290.886354414
2015-11-25,40.0,1017.0,5.0,251.0,287.584828962
2015-11-26,38.0,1021.0,1.0,134.0,286.791678918
2015-11-27,42.0,1022.0,1.0,13.0,285.505369419
2015-11-28,24.0,1023.0,0.0,60.0,287.693527697
2015-11-29,17.0,1025.0,1.0,132.0,288.872801704
2015-11-30,15.0,1025.0,0.0,263.0,289.430492308
2015-12-01,14.0,1025.0,0.0,343.0,291.806931129
2015-12-02,11.0,1024.0,1.0,168.0,294.94037197
2015-12-03,43.0,1016.0,2.0,230.0,295.15
2015-12-04,52.0,1018.0,1.0,0.0,291.43
2015-12-05,22.0,1029.0,2.0,312.0,293.36063097
2015-12-06,12.0,1021.0,3.0,270.0,297.68
2015-12-07,23.0,1017.0,3.0,260.0,298.82
2015-12-08,26.0,1021.0,1.0,298.0,297.610204353
2015-12-09,31.0,1021.0,1.0,200.0,296.065921283
2015-12-10,57.0,1019.0,1.0,99.0,291.295714202
2015-12-11,48.0,1014.0,8.0,297.0,286.748539221
2015-12-12,27.0,1022.0,2.0,163.0,288.528108816
2015-12-13,40.0,1022.0,2.0,214.0,289.060978821
2015-12-14,25.0,1014.0,4.0,320.0,287.14
2015-12-15,21.0,1016.0,3.0,270.0,288.39
2015-12-16,19.0,1027.0,2.0,267.0,286.897494093
2015-12-17,19.0,1020.0,0.0,317.0,291.3
2015-12-18,39.0,1016.0,4.0,270.0,293.09
2015-12-19,55.0,1014.0,3.0,250.0,289.47
2015-12-20,45.0,1027.0,0.0,271.0,285.788675925
2015-12-21,52.0,1026.0,1.0,215.0,287.39203708
2015-12-22,80.0,1013.0,1.0,151.0,288.367200635
2015-12-23,48.0,1013.0,3.0,299.0,288.202383767
2015-12-24,38.0,1015.0,3.0,290.0,288.08
2015-12-25,38.0,1018.0,9.0,280.0,286.89
2015-12-26,11.0,1024.0,4.0,190.0,287.97
2015-12-27,13.0,1025.0,3.0,250.0,286.380576281
2015-12-28,50.0,1012.0,3.0,220.0,284.89
2015-12-29,28.0,1023.0,0.0,273.0,286.104872702
2015-12-30,31.0,1026.0,1.0,224.0,287.312833693
2015-12-31,13.0,1018.0,2.0,0.0,289.99
2016-01-01,15.0,1026.0,1.0,32.0,287.30289899
2016-01-02,20.0,1017.0,2.0,210.0,290.24
2016-01-03,44.0,1019.0,2.0,141.0,288.389310044
2016-01-04,34.0,1008.0,3.0,0.0,291.65
2016-01-05,100.0,1014.0,1.0,239.0,283.741271186
2016-01-06,82.0,1013.0,8.0,250.0,285.09
2016-01-07,62.0,1012.0,5.0,270.0,286.52
2016-01-08,41.0,1017.0,5.0,250.0,288.02
2016-01-09,65.0,1028.0,2.0,97.0,285.400208382
2016-01-10,59.0,1020.0,2.0,180.0,288.38
2016-01-11,36.0,1023.0,4.0,250.0,290.13
2016-01-12,39.0,1021.0,5.0,250.0,292.67
2016-01-13,45.0,1025.0,2.0,243.0,289.421708568
2016-01-14,55.0,1024.0,2.0,229.0,288.345970743
2016-01-15,55.0,1023.0,1.0,266.0,288.473289993
2016-01-16,65.0,1026.0,1.0,130.0,290.14782478
2016-01-17,61.0,1027.0,3.0,222.0,291.710366167
2016-01-18,72.0,1027.0,2.0,254.0,289.177322185
2016-01-19,77.0,1027.0,1.0,207.0,288.107538438
2016-01-20,72.0,1021.0,4.0,240.0,291.44
2016-01-21,28.0,1027.0,0.0,95.0,294.342915001
2016-01-22,30.0,1025.0,1.0,185.0,291.616775944
2016-01-23,84.0,1021.0,1.0,182.0,286.48747877
2016-01-24,39.0,1018.0,1.0,50.0,290.94
2016-01-25,38.0,1025.0,1.0,162.0,291.997641811
2016-01-26,18.0,1029.0,2.0,261.0,293.171200113
2016-01-27,15.0,1030.0,1.0,160.0,291.835370787
2016-01-28,28.0,1019.0,3.0,270.0,294.8
2016-01-29,63.0,1016.0,3.0,250.0,292.84
2016-01-30,55.0,1022.0,1.0,214.0,290.58270949
2016-01-31,67.0,1003.0,4.0,270.0,286.59
2016-02-01,19.0,1018.0,4.0,320.0,286.65
2016-02-02,41.0,1022.0,4.0,250.0,287.41
2016-02-03,21.0,1033.0,0.0,166.0,288.507515152
2016-02-04,18.0,1031.0,1.0,6.0,290.795565837
2016-02-05,11.0,1024.0,2.0,0.0,296.57
2016-02-06,14.0,1021.0,1.0,43.0,297.33
2016-02-07,8.0,1019.0,3.0,280.0,300.82
2016-02-08,7.0,1018.0,2.0,130.0,302.5
2016-02-09,11.0,1018.0,4.0,270.0,303.45
2016-02-10,9.0,1025.0,0.0,274.0,301.719377198
2016-02-11,24.0,1020.0,3.0,249.0,300.100868687
2016-02-12,24.0,1020.0,3.0,251.0,299.459834862
2016-02-13,87.0,1018.0,5.0,260.0,294.37
2016-02-14,41.0,1022.0,2.0,134.0,297.199350762
2016-02-15,23.0,1021.0,4.0,199.0,301.508861482
2016-02-16,16.0,1010.0,3.0,270.0,304.07
2016-02-17,77.0,1010.0,4.0,230.0,293.0
2016-02-18,50.0,1021.0,2.0,249.0,290.609656673
2016-02-19,59.0,1019.0,5.0,270.0,292.19
2016-02-20,52.0,1017.0,4.0,270.0,293.52
2016-02-21,28.0,1023.0,2.0,282.0,295.277931064
2016-02-22,43.0,1014.0,2.0,250.0,298.19
2016-02-23,20.0,1015.0,4.0,250.0,299.93
2016-02-24,15.0,1026.0,0.0,347.0,298.056357293
2016-02-25,22.0,1023.0,2.0,270.0,298.475843367
2016-02-26,29.0,1024.0,2.0,246.0,297.574551181
2016-02-27,42.0,1021.0,1.0,259.0,296.542158677
2016-02-28,44.0,1021.0,2.0,260.0,296.485448173
2016-02-29,50.0,1022.0,2.0,240.0,296.711065934
2016-03-01,64.0,1018.0,4.0,270.0,296.68
2016-03-02,77.0,1018.0,5.0,260.0,295.03
2016-03-03,72.0,1017.0,4.0,250.0,294.02
2016-03-04,63.0,1015.0,4.0,240.0,292.07
2016-03-05,56.0,1015.0,1.0,280.0,291.3
2016-03-06,56.0,1021.0,2.0,258.0,288.791250424
2016-03-07,50.0,1008.0,4.0,230.0,287.78
2016-03-08,45.0,1020.0,2.0,254.0,291.330888889
2016-03-09,50.0,1021.0,3.0,258.0,294.043733245
2016-03-10,47.0,1022.0,2.0,234.0,295.309453025
2016-03-11,90.0,1019.0,4.0,213.0,286.578431507
2016-03-12,57.0,1026.0,2.0,248.0,288.717961961
2016-03-13,58.0,1026.0,3.0,255.0,289.423534527
2016-03-14,53.0,1024.0,3.0,277.0,292.360237691
2016-03-15,49.0,1015.0,5.0,250.0,296.87
2016-03-16,16.0,1012.0,3.0,220.0,300.12
2016-03-17,46.0,1012.0,5.0,270.0,297.68
2016-03-18,50.0,1019.0,2.0,235.0,295.999633394
2016-03-19,63.0,1016.0,4.0,270.0,294.44
2016-03-20,58.0,1023.0,2.0,235.0,294.621760471
2016-03-21,59.0,1023.0,2.0,244.0,292.143086002
2016-03-22,38.0,1022.0,3.0,308.0,290.466505594
2016-03-23,10.0,1020.0,2.0,240.0,297.13
2016-03-24,23.0,1022.0,3.0,266.0,297.277585573
2016-03-25,32.0,1016.0,3.0,247.0,296.854417722
2016-03-26,43.0,1017.0,3.0,249.0,296.239354037
2016-03-27,53.0,1022.0,2.0,230.0,294.060488845
2016-03-28,64.0,1015.0,2.0,234.0,288.379677157
2016-03-29,48.0,1012.0,8.0,270.0,290.1
2016-03-30,54.0,1020.0,3.0,250.0,288.172723957
2016-03-31,26.0,1016.0,5.0,260.0,294.1
2016-04-01,59.0,1019.0,5.0,260.0,294.78
2016-04-02,46.0,1019.0,3.0,280.0,297.77
2016-04-03,46.0,1022.0,3.0,260.0,296.990631918
2016-04-04,49.0,1018.0,4.0,250.0,297.67
2016-04-05,34.0,1020.0,3.0,253.0,301.245483649
2016-04-06,82.0,1017.0,3.0,0.0,298.07
2016-04-07,77.0,1014.0,0.0,281.0,290.95
2016-04-08,100.0,1015.0,1.0,193.0,289.01
2016-04-09,82.0,1012.0,1.0,0.0,289.99
2016-04-10,68.0,1013.0,5.0,240.0,291.73
2016-04-11,52.0,1018.0,5.0,240.0,295.16
2016-04-12,56.0,1026.0,3.0,236.0,293.960482333
2016-04-13,54.0,1023.0,3.0,239.0,294.147685822
2016-04-14,46.0,1014.0,7.0,260.0,293.94
2016-04-15,25.0,1010.0,6.0,280.0,296.99
2016-04-16,22.0,1015.0,6.0,260.0,300.34
2016-04-17,26.0,1015.0,5.0,260.0,302.13
2016-04-18,15.0,1017.0,5.0,250.0,301.94
2016-04-19,21.0,1014.0,5.0,250.0,303.38
2016-04-20,16.0,1013.0,6.0,270.0,301.47
2016-04-21,24.0,955.0,1.0,219.0,301.65
2016-04-22,52.0,1016.0,7.0,250.0,295.79
2016-04-23,28.0,1019.0,4.0,278.0,296.762037543
2016-04-24,58.0,1012.0,4.0,268.0,294.707861819
2016-04-25,45.0,1010.0,16.0,260.0,290.67
2016-04-26,38.0,1020.0,3.0,244.0,293.473710982
2016-04-27,44.0,1015.0,4.0,250.0,293.713817976
2016-04-28,55.0,1011.0,5.0,250.0,292.33
2016-04-29,63.0,1015.0,6.0,250.0,293.16
2016-04-30,48.0,1009.0,5.0,270.0,292.89
2016-05-01,52.0,1013.0,6.0,260.0,294.98
2016-05-02,63.0,1015.0,4.0,280.0,297.43
2016-05-03,60.0,1013.0,5.0,260.0,299.24
2016-05-04,63.0,1013.0,2.0,0.0,293.94
2016-05-05,45.0,1012.0,1.0,206.0,291.42
2016-05-06,59.0,1012.0,5.0,250.0,290.37
2016-05-07,52.0,1014.0,5.0,250.0,291.92
2016-05-08,59.0,1015.0,5.0,250.0,292.13
2016-05-09,59.0,1015.0,5.0,250.0,293.87
2016-05-10,60.0,1015.0,5.0,240.0,295.61
2016-05-11,68.0,1016.0,6.0,270.0,298.07
2016-05-12,72.0,1015.0,4.0,250.0,299.64
2016-05-13,68.0,1015.0,5.0,250.0,298.58
2016-05-14,63.0,1014.0,4.0,260.0,295.5
2016-05-15,60.0,1013.0,6.0,260.0,293.92
2016-05-16,64.0,1012.0,6.0,260.0,294.61
2016-05-17,64.0,1013.0,6.0,250.0,296.53
2016-05-18,77.0,1014.0,4.0,230.0,297.22
2016-05-19,68.0,1011.0,5.0,240.0,296.43
2016-05-20,59.0,1012.0,4.0,240.0,292.58
2016-05-21,55.0,1016.0,6.0,240.0,292.84
2016-05-22,46.0,1015.0,4.0,290.0,294.42
2016-05-23,56.0,1013.0,6.0,270.0,294.38
2016-05-24,59.0,1016.0,6.0,250.0,293.92
2016-05-25,52.0,1019.0,5.0,220.0,293.24
2016-05-26,60.0,1016.0,7.0,260.0,295.91
2016-05-27,60.0,1011.0,6.0,250.0,297.55
2016-05-28,68.0,1012.0,5.0,260.0,296.68
2016-05-29,60.0,1015.0,6.0,260.0,295.61
2016-05-30,64.0,1014.0,4.0,280.0,297.35
2016-05-31,68.0,1011.0,4.0,270.0,297.02
2016-06-01,68.0,1013.0,5.0,240.0,297.89
2016-06-02,64.0,1014.0,4.0,240.0,303.3
2016-06-03,57.0,1013.0,3.0,0.0,306.09
2016-06-04,64.0,1013.0,4.0,270.0,302.87
2016-06-05,68.0,1012.0,5.0,230.0,298.83
2016-06-06,56.0,1010.0,4.0,240.0,298.51
2016-06-07,60.0,1012.0,6.0,270.0,298.3
2016-06-08,59.0,1010.0,2.0,132.0,302.1
2016-06-09,66.0,1011.0,2.0,51.0,299.8
2016-06-10,41.0,1012.0,1.0,179.0,300.78
2016-06-11,87.0,1014.0,1.0,164.0,291.91
2016-06-12,63.0,1018.0,0.0,194.0,296.21
2016-06-13,29.0,1019.0,1.0,172.0,297.67
2016-06-14,53.0,1011.0,2.0,165.0,297.89
2016-06-15,58.0,1015.0,0.0,270.0,296.65
2016-06-16,22.0,1018.0,4.0,123.0,299.73
2016-06-17,29.0,1015.0,1.0,146.0,304.15
2016-06-18,10.0,1017.0,6.0,312.0,307.52
2016-06-19,6.0,1013.0,3.0,276.0,312.9
2016-06-20,13.0,1011.0,2.0,31.0,315.47
2016-06-21,43.0,1014.0,1.0,166.0,304.83
2016-06-22,45.0,1013.0,1.0,32.0,305.28
2016-06-23,50.0,1013.0,2.0,146.0,304.22
2016-06-24,64.0,1013.0,5.0,240.0,300.34
2016-06-25,57.0,1011.0,4.0,270.0,302.3
2016-06-26,73.0,1012.0,4.0,230.0,304.45
2016-06-27,57.0,1013.0,4.0,260.0,305.61
2016-06-28,64.0,1013.0,6.0,240.0,303.68
2016-06-29,60.0,1011.0,5.0,260.0,304.52
2016-06-30,64.0,1011.0,5.0,260.0,301.95
2016-07-01,64.0,1013.0,3.0,260.0,301.34
2016-07-02,56.0,1016.0,5.0,250.0,300.16
2016-07-03,60.0,1017.0,6.0,260.0,299.55
2016-07-04,60.0,1016.0,6.0,260.0,300.24
2016-07-05,56.0,1015.0,6.0,260.0,300.24
2016-07-06,56.0,1015.0,5.0,250.0,299.46
2016-07-07,64.0,1014.0,3.0,280.0,300.98
2016-07-08,64.0,1015.0,5.0,250.0,301.81
2016-07-09,64.0,1016.0,6.0,250.0,302.49
2016-07-10,64.0,1012.0,6.0,270.0,301.83
2016-07-11,57.0,1011.0,5.0,260.0,301.71
2016-07-12,60.0,1013.0,5.0,250.0,301.34
2016-07-13,64.0,1014.0,6.0,270.0,303.18
2016-07-14,31.0,962.0,1.0,206.0,303.134
2016-07-15,35.0,959.0,1.0,208.0,302.48
2016-07-16,38.0,958.0,1.0,208.0,301.844
2016-07-17,28.0,960.0,1.0,213.0,303.25
2016-07-18,24.0,961.0,1.0,231.0,305.088
2016-07-19,24.0,961.0,1.0,231.0,305.088
2016-07-20,30.0,961.0,1.0,229.0,305.461
2016-07-21,47.0,1013.0,5.0,280.0,308.95
2016-07-22,39.0,1011.0,4.0,270.0,310.68
2016-07-23,45.0,1009.0,2.0,140.0,306.04
2016-07-24,51.0,1012.0,3.0,300.0,305.93
2016-07-25,57.0,1012.0,6.0,250.0,306.64
2016-07-26,61.0,1011.0,6.0,260.0,307.38
2016-07-27,51.0,1012.0,4.0,260.0,306.47
2016-07-28,57.0,1010.0,5.0,260.0,306.45
2016-07-29,61.0,1009.0,5.0,250.0,306.03
2016-07-30,65.0,1011.0,5.0,250.0,303.95
2016-07-31,65.0,1012.0,6.0,260.0,303.05
2016-08-01,61.0,1013.0,6.0,260.0,303.77
2016-08-02,61.0,1014.0,4.0,280.0,303.79
2016-08-03,43.0,1011.0,1.0,206.0,304.43
2016-08-04,52.0,1008.0,1.0,227.0,304.4
2016-08-05,56.0,1008.0,1.0,214.0,303.36
2016-08-06,54.0,1007.0,1.0,211.0,303.26
2016-08-07,53.0,1007.0,1.0,203.0,303.97
2016-08-08,51.0,1007.0,1.0,202.0,303.23
2016-08-09,42.0,957.0,1.0,199.0,299.849
2016-08-10,39.0,1010.0,1.0,186.0,303.38
2016-08-11,52.0,1014.0,2.0,93.0,303.5
2016-08-12,54.0,1013.0,2.0,89.0,305.34
2016-08-13,47.0,1011.0,1.0,148.0,307.35
2016-08-14,41.0,1011.0,2.0,89.0,307.3
2016-08-15,15.0,1008.0,1.0,244.0,309.27
2016-08-16,13.0,1007.0,1.0,230.0,309.19
2016-08-17,20.0,1010.0,0.0,290.0,307.5
2016-08-18,32.0,1010.0,2.0,127.0,305.31
2016-08-19,28.0,1011.0,2.0,26.0,305.67
2016-08-20,64.0,1012.0,4.0,290.0,301.57
2016-08-21,60.0,1012.0,6.0,260.0,303.86
2016-08-22,61.0,1013.0,5.0,260.0,302.39
2016-08-23,61.0,1016.0,4.0,240.0,302.61
2016-08-24,61.0,1014.0,4.0,280.0,303.15
2016-08-25,64.0,1013.0,4.0,240.0,299.77
2016-08-26,60.0,1014.0,4.0,250.0,299.15
2016-08-27,64.0,1014.0,6.0,260.0,299.86
2016-08-28,64.0,1014.0,5.0,270.0,303.65
2016-08-29,54.0,1011.0,5.0,250.0,306.02
2016-08-30,61.0,1009.0,4.0,260.0,306.15
2016-08-31,57.0,1011.0,6.0,260.0,305.15
2016-09-01,65.0,1012.0,4.0,270.0,302.05
2016-09-02,64.0,1012.0,4.0,250.0,300.48
2016-09-03,64.0,1011.0,4.0,260.0,298.21
2016-09-04,60.0,1009.0,4.0,260.0,297.23
2016-09-05,64.0,1008.0,6.0,260.0,297.88
2016-09-06,68.0,1009.0,4.0,280.0,301.6
2016-09-07,69.0,1016.0,3.0,250.0,300.16
2016-09-08,64.0,1016.0,6.0,250.0,299.98
2016-09-09,69.0,1015.0,5.0,270.0,301.86
2016-09-10,69.0,1016.0,6.0,270.0,302.84
2016-09-11,64.0,1016.0,5.0,270.0,301.2
2016-09-12,68.0,1013.0,4.0,270.0,296.01
2016-09-13,64.0,1015.0,1.0,0.0,293.92
2016-09-14,56.0,1016.0,5.0,280.0,297.78
2016-09-15,56.0,1014.0,5.0,250.0,299.61
2016-09-16,64.0,1012.0,3.0,280.0,300.19
2016-09-17,60.0,1012.0,5.0,290.0,303.61
2016-09-18,64.0,1012.0,4.0,270.0,306.71
2016-09-19,28.0,1012.0,1.0,233.0,301.91
2016-09-20,55.0,1011.0,1.0,182.0,301.56
2016-09-21,49.0,958.0,1.0,226.0,299.475
2016-09-22,37.0,1009.0,2.0,319.0,297.3
2016-09-23,19.0,1016.0,6.0,92.0,300.59
2016-09-24,25.0,1015.0,0.0,226.0,304.13
2016-09-25,13.0,1011.0,3.0,44.0,308.66
2016-09-26,11.0,1011.0,0.0,211.0,309.24
2016-09-27,28.0,1010.0,2.0,39.0,304.95
2016-09-28,34.0,1012.0,1.0,166.0,304.45
2016-09-29,29.0,1013.0,1.0,235.0,305.07
2016-09-30,29.0,1012.0,1.0,229.0,303.59
2016-10-01,43.0,1011.0,1.0,213.0,301.76
2016-10-02,25.0,1015.0,2.0,171.0,296.35
2016-10-03,42.0,1011.0,1.0,285.0,295.96
2016-10-04,64.0,1010.0,2.0,60.0,296.74
2016-10-05,29.0,957.0,1.0,261.0,296.031
2016-10-06,22.0,959.0,0.0,346.0,298.294
2016-10-07,17.0,959.0,0.0,270.0,300.037
2016-10-08,14.0,959.0,1.0,226.0,301.944
2016-10-09,18.0,961.0,1.0,214.0,302.478
2016-10-10,24.0,961.0,1.0,215.0,299.415
2016-10-11,42.0,962.0,1.0,210.0,296.044
2016-10-12,49.0,962.0,1.0,210.0,294.353
2016-10-13,44.0,961.0,1.0,217.0,296.495
2016-10-14,41.0,960.0,1.0,209.0,296.414
2016-10-15,56.0,960.0,1.0,215.0,294.86
2016-10-16,63.0,961.0,1.0,237.0,292.846
2016-10-17,73.0,959.0,1.0,225.0,291.39
2016-10-18,42.0,959.0,0.0,296.0,295.209
2016-10-19,23.0,962.0,1.0,26.0,298.521
2016-10-20,15.0,962.0,0.0,2.0,301.732
2016-10-21,13.0,959.0,1.0,200.0,302.438
2016-10-22,17.0,959.0,1.0,182.0,299.119
2016-10-23,60.0,962.0,1.0,70.0,293.11
2016-10-24,54.0,963.0,1.0,164.0,294.436
2016-10-25,54.0,963.0,1.0,200.0,295.526
2016-10-26,38.0,962.0,1.0,205.0,297.703
2016-10-27,43.0,960.0,1.0,238.0,296.787
2016-10-28,62.0,961.0,1.0,205.0,292.623
2016-10-29,57.0,961.0,1.0,180.0,295.562
2016-10-30,98.0,962.0,1.0,206.0,287.874
2016-10-31,66.0,961.0,1.0,212.0,288.778
2016-11-01,68.0,1015.0,5.0,250.0,292.81
2016-11-02,36.0,1016.0,3.0,260.0,298.82
2016-11-03,22.0,1015.0,3.0,290.0,300.83
2016-11-04,47.0,1017.0,5.0,270.0,299.09
2016-11-05,88.0,1016.0,3.0,280.0,297.51
2016-11-06,72.0,1017.0,4.0,260.0,295.47
2016-11-07,64.0,1017.0,3.0,300.0,297.71
2016-11-08,24.0,1016.0,3.0,280.0,302.97
2016-11-09,15.0,1013.0,4.0,250.0,306.52
2016-11-10,10.0,1015.0,5.0,250.0,304.08
2016-11-11,15.0,1016.0,4.0,250.0,302.08
2016-11-12,26.0,1016.0,3.0,270.0,300.34
2016-11-13,22.0,1017.0,4.0,280.0,302.28
2016-11-14,31.0,1017.0,4.0,270.0,301.02
2016-11-15,77.0,1015.0,3.0,290.0,296.53
2016-11-16,72.0,1011.0,6.0,260.0,292.59
2016-11-17,40.0,1014.0,4.0,270.0,294.33
2016-11-18,8.0,1016.0,2.0,230.0,297.21
2016-11-19,68.0,1017.0,4.0,270.0,293.97
2016-11-20,93.0,1014.0,2.0,120.0,288.65
2016-11-21,68.0,1015.0,3.0,240.0,291.15
2016-11-22,63.0,1019.0,3.0,270.0,292.4
2016-11-23,56.0,1019.0,4.0,290.0,293.27
2016-11-24,10.0,1018.0,1.0,0.0,298.61
2016-11-25,26.0,1017.0,3.0,250.0,296.39
2016-11-26,93.0,1015.0,3.0,310.0,284.95
2016-11-27,67.0,1014.0,7.0,280.0,288.58
2016-11-28,59.0,1011.0,3.0,230.0,289.27
2016-11-29,29.0,1015.0,4.0,250.0,292.21
2016-11-30,36.0,1016.0,5.0,250.0,291.37
2016-12-01,55.0,1013.0,3.0,240.0,290.52
2016-12-02,11.0,1016.0,3.0,0.0,290.72
2016-12-03,17.0,1018.0,3.0,0.0,292.15
2016-12-04,16.0,1016.0,2.0,210.0,293.78
2016-12-05,68.0,1013.0,3.0,260.0,291.09
2016-12-06,67.0,1014.0,4.0,240.0,289.74
2016-12-07,59.0,1019.0,3.0,250.0,290.16
2016-12-08,55.0,1023.0,4.0,270.0,291.42
2016-12-09,77.0,1022.0,2.0,200.0,290.62
2016-12-10,68.0,1019.0,1.0,203.0,290.55
2016-12-11,77.0,1018.0,2.0,260.0,290.94
2016-12-12,59.0,1018.0,4.0,200.0,291.51
2016-12-13,63.0,1018.0,1.0,208.0,290.77
2016-12-14,68.0,1017.0,3.0,260.0,293.29
2016-12-15,87.0,1014.0,3.0,250.0,290.4
2016-12-16,58.0,1010.0,11.0,270.0,287.27
2016-12-17,24.0,1020.0,0.0,336.0,286.96
2016-12-18,12.0,1021.0,1.0,0.0,290.21
2016-12-19,9.0,1022.0,2.0,0.0,293.88
2016-12-20,7.0,1019.0,1.0,11.0,297.08
2016-12-21,77.0,1016.0,3.0,0.0,287.96
2016-12-22,82.0,1013.0,2.0,110.0,289.01
2016-12-23,77.0,1015.0,5.0,230.0,288.81
2016-12-24,28.0,1008.0,5.0,310.0,285.88
2016-12-25,32.0,1019.0,3.0,250.0,285.21
2016-12-26,27.0,1020.0,3.0,100.0,288.41
2016-12-27,25.0,1020.0,3.0,290.0,293.22
2016-12-28,13.0,1018.0,2.0,10.0,297.41
2016-12-29,12.0,1018.0,0.0,19.0,298.75
2016-12-30,72.0,1015.0,4.0,280.0,289.08
2016-12-31,87.0,1012.0,1.0,187.0,285.09
2017-01-01,66.0,1014.0,4.0,200.0,286.61
2017-01-02,62.0,1018.0,1.0,120.0,285.74
2017-01-03,58.0,1020.0,1.0,193.0,287.14
2017-01-04,76.0,1018.0,2.0,200.0,288.68
2017-01-05,88.0,1014.0,3.0,170.0,289.01
2017-01-06,52.0,1017.0,2.0,130.0,290.5
2017-01-07,32.0,1021.0,1.0,30.0,292.48
2017-01-08,27.0,1021.0,3.0,200.0,296.22
2017-01-09,77.0,1021.0,1.0,228.0,289.21
2017-01-10,77.0,1018.0,0.0,206.0,287.2
2017-01-11,51.0,1016.0,2.0,160.0,289.89
2017-01-12,87.0,1013.0,2.0,90.0,285.22
2017-01-13,63.0,1015.0,3.0,0.0,287.82
2017-01-14,40.0,1015.0,4.0,250.0,293.08
2017-01-15,63.0,1016.0,1.0,192.0,289.33
2017-01-16,63.0,1017.0,4.0,280.0,290.15
2017-01-17,25.0,1020.0,0.0,202.0,291.37
2017-01-18,67.0,1021.0,4.0,280.0,287.52
2017-01-19,67.0,1013.0,7.0,260.0,288.71
2017-01-20,87.0,997.0,4.0,260.0,286.42
2017-01-21,55.0,1014.0,6.0,270.0,287.58
2017-01-22,100.0,1013.0,5.0,80.0,284.01
2017-01-23,71.0,1011.0,6.0,280.0,283.72
2017-01-24,88.0,961.0,1.0,190.0,280.058
2017-01-25,47.0,1024.0,5.0,250.0,287.28
2017-01-26,23.0,1025.0,2.0,0.0,288.83
2017-01-27,17.0,1030.0,9.0,60.0,289.08
2017-01-28,32.0,1027.0,3.0,290.0,294.59
2017-01-29,11.0,1022.0,3.0,260.0,296.75
2017-01-30,19.0,1020.0,4.0,250.0,296.94
2017-01-31,26.0,1018.0,1.0,201.0,294.96
2017-02-01,52.0,1017.0,4.0,250.0,292.39
2017-02-02,59.0,1019.0,4.0,250.0,291.21
2017-02-03,100.0,1018.0,2.0,100.0,287.4
2017-02-04,77.0,1018.0,4.0,240.0,290.09
2017-02-05,82.0,1016.0,1.0,183.0,286.77
2017-02-06,93.0,1017.0,3.0,90.0,287.54
2017-02-07,82.0,1019.0,2.0,100.0,290.34
2017-02-08,77.0,1019.0,3.0,250.0,293.42
2017-02-09,82.0,1016.0,3.0,290.0,294.64
2017-02-10,93.0,1017.0,1.0,300.0,289.96
2017-02-11,72.0,1018.0,4.0,230.0,289.08
2017-02-12,33.0,1016.0,2.0,230.0,294.77
2017-02-13,34.0,1024.0,2.0,267.0,293.921475552
2017-02-14,31.0,962.0,0.0,291.0,293.737
2017-02-15,42.0,964.0,1.0,229.0,293.141
2017-02-16,42.0,959.0,1.0,168.0,291.155
2017-02-17,98.0,943.0,5.0,150.0,283.833
2017-02-18,85.0,946.0,1.0,290.0,285.106
2017-02-19,92.0,962.0,1.0,177.0,284.492
2017-02-20,98.0,970.0,0.0,226.0,284.823
2017-02-21,63.0,1024.0,3.0,280.0,291.42
2017-02-22,48.0,1017.0,6.0,250.0,289.08
2017-02-23,33.0,1017.0,10.0,270.0,287.33
2017-02-24,30.0,1021.0,4.0,240.0,288.28
2017-02-25,54.0,1018.0,4.0,250.0,288.01
2017-02-26,76.0,1014.0,2.0,0.0,285.61
2017-02-27,87.0,1009.0,1.0,219.0,285.81
2017-02-28,41.0,1020.0,5.0,260.0,289.46
2017-03-01,30.0,1023.0,5.0,260.0,294.9
2017-03-02,11.0,1019.0,4.0,290.0,297.39
2017-03-03,23.0,1014.0,4.0,250.0,297.59
2017-03-04,72.0,1016.0,4.0,250.0,290.87
2017-03-05,59.0,1015.0,2.0,0.0,286.2
2017-03-06,38.0,1021.0,5.0,250.0,289.52
2017-03-07,42.0,1020.0,5.0,250.0,294.27
2017-03-08,23.0,1017.0,5.0,260.0,298.75
2017-03-09,29.0,1017.0,5.0,260.0,299.44
2017-03-10,33.0,1016.0,3.0,280.0,298.41
2017-03-11,49.0,1015.0,3.0,280.0,297.33
2017-03-12,63.0,1015.0,3.0,280.0,297.98
2017-03-13,68.0,1015.0,3.0,270.0,297.93
2017-03-14,49.0,1017.0,3.0,270.0,300.85
2017-03-15,52.0,1018.0,4.0,240.0,298.46
2017-03-16,68.0,1018.0,3.0,250.0,296.35
2017-03-17,68.0,1016.0,4.0,260.0,296.3
2017-03-18,63.0,1017.0,3.0,250.0,294.81
2017-03-19,68.0,1018.0,4.0,250.0,295.1
2017-03-20,48.0,1018.0,5.0,260.0,292.29
2017-03-21,82.0,1018.0,1.0,0.0,289.27
2017-03-22,63.0,1016.0,6.0,270.0,291.46
2017-03-23,39.0,1020.0,5.0,250.0,292.27
2017-03-24,42.0,1022.0,8.0,290.0,293.02
2017-03-25,63.0,1017.0,2.0,0.0,292.08
2017-03-26,68.0,1018.0,7.0,260.0,292.15
2017-03-27,22.0,1016.0,7.0,320.0,294.1
2017-03-28,25.0,1015.0,5.0,240.0,297.21
2017-03-29,27.0,1016.0,6.0,290.0,299.16
2017-03-30,59.0,1011.0,5.0,230.0,293.84
2017-03-31,24.0,1009.0,6.0,250.0,293.42
2017-04-01,37.0,1014.0,4.0,270.0,295.72
2017-04-02,68.0,1015.0,4.0,250.0,295.58
2017-04-03,77.0,1013.0,5.0,280.0,291.92
2017-04-04,59.0,1016.0,5.0,270.0,295.87
2017-04-05,56.0,1016.0,5.0,270.0,299.1
2017-04-06,72.0,1015.0,6.0,250.0,294.51
2017-04-07,63.0,1016.0,4.0,260.0,294.1
2017-04-08,48.0,1016.0,9.0,270.0,291.65
2017-04-09,34.0,1017.0,4.0,270.0,293.45
2017-04-10,40.0,1016.0,5.0,240.0,296.1
2017-04-11,49.0,1016.0,5.0,260.0,294.72
2017-04-12,68.0,1017.0,6.0,250.0,294.97
2017-04-13,56.0,1016.0,6.0,230.0,292.53
2017-04-14,48.0,1015.0,7.0,260.0,292.84
2017-04-15,35.0,1014.0,5.0,260.0,296.58
2017-04-16,40.0,1016.0,6.0,260.0,296.21
2017-04-17,68.0,1017.0,6.0,240.0,295.78
2017-04-18,72.0,1019.0,4.0,280.0,294.85
2017-04-19,60.0,1019.0,6.0,260.0,295.83
2017-04-20,40.0,1016.0,7.0,270.0,297.15
2017-04-21,27.0,1011.0,5.0,270.0,301.81
2017-04-22,34.0,1010.0,5.0,270.0,301.81
2017-04-23,60.0,1011.0,6.0,260.0,296.6
2017-04-24,63.0,1013.0,5.0,250.0,293.46
2017-04-25,46.0,1012.0,6.0,280.0,295.2
2017-04-26,56.0,1011.0,7.0,260.0,296.02
2017-04-27,52.0,1007.0,4.0,280.0,296.09
2017-04-28,37.0,1007.0,6.0,250.0,298.83
2017-04-29,9.0,1016.0,6.0,270.0,301.08
2017-04-30,40.0,1016.0,5.0,250.0,300.47
2017-05-01,31.0,1012.0,4.0,280.0,300.27
2017-05-02,43.0,1012.0,4.0,250.0,300.58
2017-05-03,56.0,1013.0,4.0,260.0,301.11
2017-05-04,77.0,1013.0,7.0,260.0,299.38
2017-05-05,72.0,1011.0,4.0,260.0,294.49
2017-05-06,55.0,1008.0,2.0,0.0,290.27
2017-05-07,76.0,1011.0,3.0,260.0,288.21
2017-05-08,63.0,1011.0,5.0,260.0,294.98
2017-05-09,59.0,1014.0,3.0,160.0,293.4
2017-05-10,68.0,1019.0,3.0,250.0,292.75
2017-05-11,72.0,1019.0,8.0,260.0,296.18
2017-05-12,68.0,1014.0,4.0,260.0,294.75
2017-05-13,32.0,1012.0,8.0,260.0,295.53
2017-05-14,48.0,1012.0,4.0,140.0,294.09
2017-05-15,52.0,1014.0,6.0,270.0,290.14
2017-05-16,45.0,1017.0,3.0,180.0,291.27
2017-05-17,63.0,1013.0,4.0,260.0,291.58
2017-05-18,56.0,1012.0,5.0,260.0,295.97
2017-05-19,10.0,1011.0,3.0,180.0,300.85
2017-05-20,30.0,1011.0,6.0,250.0,304.1
2017-05-21,50.0,1013.0,4.0,240.0,302.46
2017-05-22,64.0,1014.0,6.0,260.0,299.93
2017-05-23,60.0,1014.0,4.0,240.0,298.92
2017-05-24,68.0,1011.0,6.0,260.0,297.34
2017-05-25,55.0,1012.0,4.0,250.0,292.51
2017-05-26,56.0,1016.0,4.0,240.0,294.02
2017-05-27,56.0,1018.0,6.0,260.0,295.1
2017-05-28,60.0,1016.0,6.0,250.0,298.52
2017-05-29,68.0,1013.0,4.0,240.0,296.3
2017-05-30,72.0,1013.0,3.0,260.0,295.79
2017-05-31,82.0,1011.0,3.0,220.0,292.3
2017-06-01,64.0,1011.0,5.0,230.0,295.78
2017-06-02,68.0,1011.0,5.0,270.0,299.8
2017-06-03,68.0,1012.0,5.0,260.0,299.35
2017-06-04,72.0,1012.0,4.0,250.0,298.35
2017-06-05,64.0,1012.0,5.0,260.0,297.16
2017-06-06,64.0,1013.0,1.0,0.0,295.47
2017-06-07,72.0,1014.0,4.0,190.0,295.6
2017-06-08,68.0,1015.0,8.0,260.0,295.55
2017-06-09,60.0,1014.0,5.0,260.0,297.29
2017-06-10,60.0,1011.0,1.0,191.0,294.09
2017-06-11,56.0,1013.0,5.0,230.0,293.78
2017-06-12,35.0,1017.0,5.0,270.0,295.65
2017-06-13,49.0,1013.0,5.0,250.0,298.47
2017-06-14,41.0,1012.0,4.0,290.0,301.52
2017-06-15,41.0,1013.0,5.0,270.0,302.52
2017-06-16,47.0,1012.0,5.0,260.0,303.68
2017-06-17,53.0,1011.0,5.0,250.0,303.23
2017-06-18,15.0,1009.0,8.0,240.0,302.16
2017-06-19,57.0,1010.0,5.0,260.0,302.48
2017-06-20,68.0,1011.0,5.0,260.0,303.88
2017-06-21,30.0,1008.0,4.0,110.0,302.81
2017-06-22,60.0,1010.0,4.0,280.0,298.66
2017-06-23,82.0,1013.0,2.0,0.0,299.13
2017-06-24,73.0,1012.0,5.0,250.0,299.23
2017-06-25,53.0,1012.0,7.0,260.0,305.55
2017-06-26,25.0,1014.0,4.0,240.0,304.86
2017-06-27,57.0,1012.0,5.0,250.0,303.4
2017-06-28,56.0,1012.0,4.0,250.0,299.69
2017-06-29,64.0,1014.0,4.0,250.0,298.22
2017-06-30,60.0,1012.0,4.0,220.0,298.7
2017-07-01,73.0,1012.0,5.0,260.0,297.67
2017-07-02,60.0,1016.0,5.0,270.0,300.17
2017-07-03,57.0,1016.0,4.0,260.0,302.58
2017-07-04,60.0,1014.0,5.0,270.0,303.56
2017-07-05,64.0,1015.0,4.0,260.0,303.06
2017-07-06,69.0,1014.0,7.0,300.0,303.88
2017-07-07,48.0,1011.0,3.0,270.0,307.36
2017-07-08,48.0,1009.0,4.0,250.0,307.82
2017-07-09,51.0,1013.0,4.0,250.0,305.67
2017-07-10,61.0,1013.0,6.0,270.0,303.67
2017-07-11,65.0,1013.0,4.0,280.0,302.67
2017-07-12,42.0,1013.0,2.0,0.0,302.16
2017-07-13,69.0,1016.0,3.0,290.0,302.76
2017-07-14,64.0,1016.0,5.0,260.0,302.29
2017-07-15,64.0,1014.0,5.0,270.0,301.72
2017-07-16,61.0,1012.0,4.0,250.0,301.43
2017-07-17,57.0,1011.0,2.0,0.0,301.63
2017-07-18,65.0,1014.0,6.0,250.0,301.38
2017-07-19,57.0,1014.0,2.0,0.0,302.99
2017-07-20,51.0,1014.0,2.0,260.0,303.4
2017-07-21,57.0,1013.0,2.0,280.0,301.82
2017-07-22,57.0,1012.0,3.0,0.0,302.34
2017-07-23,54.0,1010.0,2.0,260.0,302.73
2017-07-24,65.0,1012.0,2.0,280.0,298.03
2017-07-25,57.0,1014.0,1.0,0.0,301.16
2017-07-26,57.0,1015.0,2.0,260.0,302.45
2017-07-27,51.0,1012.0,1.0,233.0,303.45
2017-07-28,61.0,1013.0,2.0,260.0,300.75
2017-07-29,54.0,1014.0,3.0,0.0,303.05
2017-07-30,65.0,1016.0,2.0,260.0,301.28
2017-07-31,64.0,1013.0,2.0,0.0,301.86
2017-08-01,43.0,1009.0,1.0,0.0,306.27
2017-08-02,48.0,1011.0,1.0,0.0,304.22
2017-08-03,32.0,1017.0,2.0,0.0,305.64
2017-08-04,48.0,1013.0,3.0,260.0,303.76
2017-08-05,57.0,1012.0,2.0,0.0,301.34
2017-08-06,57.0,1012.0,2.0,260.0,301.34
2017-08-07,57.0,1013.0,2.0,0.0,301.64
2017-08-08,57.0,1012.0,2.0,0.0,303.58
2017-08-09,54.0,1012.0,2.0,260.0,302.45
2017-08-10,51.0,1012.0,4.0,320.0,303.05
2017-08-11,57.0,1010.0,1.0,0.0,303.12
2017-08-12,57.0,1011.0,2.0,260.0,302.0
2017-08-13,54.0,1012.0,1.0,0.0,302.11
2017-08-14,64.0,1012.0,1.0,198.0,299.56
2017-08-15,64.0,1013.0,4.0,240.0,296.78
2017-08-16,37.0,1014.0,5.0,190.0,298.91
2017-08-17,57.0,1015.0,1.0,220.0,300.22
2017-08-18,57.0,1015.0,1.0,215.0,300.1
2017-08-19,57.0,1013.0,2.0,270.0,299.43
2017-08-20,54.0,1012.0,1.0,192.0,300.23
2017-08-21,60.0,1016.0,5.0,250.0,300.67
2017-08-22,69.0,1015.0,4.0,240.0,301.87
2017-08-23,64.0,1013.0,1.0,0.0,298.98
2017-08-24,57.0,1009.0,1.0,0.0,299.34
2017-08-25,69.0,1009.0,3.0,280.0,299.23
2017-08-26,57.0,1012.0,1.0,0.0,304.29
2017-08-27,61.0,1012.0,2.0,270.0,303.57
2017-08-28,51.0,1008.0,2.0,250.0,306.62
2017-08-29,46.0,1008.0,1.0,0.0,307.39
2017-08-30,15.0,1011.0,7.0,300.0,307.35
2017-08-31,24.0,1006.0,9.0,160.0,308.64
2017-09-01,14.0,1007.0,1.0,110.0,310.5
2017-09-02,30.0,1008.0,1.0,0.0,308.89
2017-09-03,61.0,1016.0,9.0,70.0,304.22
2017-09-04,58.0,1014.0,5.0,200.0,298.85
2017-09-05,58.0,1014.0,1.0,0.0,302.94
2017-09-06,57.0,1013.0,3.0,260.0,302.03
2017-09-07,31.0,1010.0,5.0,200.0,303.39
2017-09-08,54.0,1011.0,2.0,0.0,300.7
2017-09-09,51.0,1013.0,1.0,210.0,301.63
2017-09-10,39.0,1010.0,1.0,0.0,304.76
2017-09-11,51.0,1011.0,2.0,0.0,304.75
2017-09-12,61.0,1012.0,3.0,270.0,301.45
2017-09-13,53.0,1011.0,2.0,0.0,298.77
2017-09-14,56.0,1012.0,3.0,280.0,296.27
2017-09-15,53.0,1012.0,1.0,223.0,296.97
2017-09-16,57.0,1012.0,3.0,270.0,298.45
2017-09-17,64.0,1013.0,3.0,250.0,296.72
2017-09-18,64.0,1013.0,2.0,260.0,298.1
2017-09-19,60.0,1012.0,1.0,223.0,297.04
2017-09-20,60.0,1011.0,1.0,210.0,297.21
2017-09-21,45.0,1009.0,11.0,300.0,294.98
2017-09-22,53.0,1010.0,3.0,0.0,295.55
2017-09-23,53.0,1010.0,2.0,0.0,295.84
2017-09-24,30.0,1010.0,2.0,0.0,300.57
2017-09-25,11.0,1010.0,5.0,260.0,302.88
2017-09-26,41.0,1008.0,5.0,260.0,301.35
2017-09-27,32.0,1010.0,2.0,0.0,302.22
2017-09-28,47.0,1011.0,5.0,270.0,304.12
2017-09-29,33.0,1011.0,1.0,0.0,302.7
2017-09-30,69.0,1010.0,5.0,300.0,299.22
2017-10-01,47.0,1008.0,5.0,180.0,297.53
2017-10-02,53.0,1007.0,1.0,220.0,297.27
2017-10-03,64.0,1011.0,2.0,0.0,295.15
2017-10-04,41.0,1014.0,2.0,260.0,299.04
2017-10-05,34.0,1010.0,2.0,270.0,301.04
2017-10-06,18.0,1011.0,2.0,0.0,305.28
2017-10-07,16.0,1007.0,2.0,270.0,305.99
2017-10-08,47.0,1006.0,3.0,0.0,298.35
2017-10-09,28.0,1011.0,2.0,260.0,300.59
2017-10-10,32.0,1012.0,2.0,0.0,301.38
2017-10-11,53.0,1011.0,1.0,207.0,297.94
2017-10-12,56.0,1013.0,2.0,260.0,297.16
2017-10-13,60.0,1013.0,2.0,0.0,297.73
2017-10-14,33.0,1013.0,1.0,0.0,302.05
2017-10-15,5.0,1016.0,1.0,0.0,306.68
2017-10-16,11.0,1015.0,2.0,0.0,306.49
2017-10-17,22.0,1013.0,1.0,0.0,305.28
2017-10-18,39.0,1013.0,2.0,260.0,301.33
2017-10-19,73.0,1012.0,5.0,260.0,296.51
2017-10-20,56.0,1013.0,5.0,230.0,294.84
2017-10-21,38.0,1016.0,1.0,0.0,298.03
2017-10-22,16.0,1017.0,0.0,0.0,305.62
2017-10-23,7.0,1016.0,1.0,250.0,311.03
2017-10-24,9.0,1014.0,2.0,220.0,312.52
2017-10-25,7.0,1009.0,1.0,240.0,309.39
2017-10-26,17.0,1010.0,3.0,270.0,304.86
2017-10-27,34.0,1011.0,2.0,0.0,301.76
2017-10-28,60.0,1010.0,1.0,0.0,299.56
2017-10-29,77.0,1011.0,3.0,220.0,294.85
2017-10-30,68.0,1011.0,5.0,270.0,293.33
2017-10-31,68.0,1012.0,1.0,180.0,292.9
2017-11-01,60.0,1013.0,5.0,260.0,294.3
2017-11-02,48.0,1017.0,1.0,203.0,291.85
2017-11-03,37.0,1017.0,2.0,260.0,294.15
2017-11-04,56.0,1015.0,2.0,0.0,294.88
2017-11-05,56.0,1017.0,2.0,0.0,293.95
2017-11-06,56.0,1017.0,1.0,203.0,294.35
2017-11-07,46.0,1017.0,3.0,260.0,296.59
2017-11-08,53.0,1016.0,2.0,260.0,296.49
2017-11-09,60.0,1016.0,1.0,0.0,294.75
2017-11-10,56.0,1014.0,3.0,0.0,293.82
2017-11-11,56.0,1015.0,3.0,260.0,294.4
2017-11-12,56.0,1017.0,1.0,0.0,293.45
2017-11-13,43.0,1018.0,0.0,219.0,295.93
2017-11-14,38.0,1016.0,1.0,260.0,297.86
2017-11-15,36.0,1015.0,6.0,260.0,297.97
2017-11-16,38.0,1014.0,2.0,278.0,297.86
2017-11-17,60.0,1016.0,2.0,0.0,295.35
2017-11-18,33.0,1018.0,1.0,6.0,297.39
2017-11-19,17.0,1014.0,0.0,324.0,297.09
2017-11-20,46.0,1015.0,0.0,221.0,296.34
2017-11-21,21.0,1016.0,0.0,355.0,301.49
2017-11-22,12.0,1015.0,1.0,0.0,306.47
2017-11-23,21.0,1013.0,0.0,245.0,304.68
2017-11-24,32.0,1011.0,0.0,193.0,301.21
2017-11-25,30.0,1015.0,1.0,0.0,299.49
2017-11-26,64.0,1016.0,3.0,200.0,294.94
2017-11-27,45.0,1014.0,2.0,348.0,291.8
2017-11-28,35.0,961.0,0.0,359.0,289.157
2017-11-29,14.0,1016.0,2.0,200.0,295.65
2017-11-30,56.0,1015.0,1.0,250.0,294.93
